06/M1	I+II		2,3,53,60,70,97,107,120,160,173,175,186,189,197,199,220,223,238
06/M1	I		2,13,60,86,109,162,173,175,238
06/M1	II		3,41,60,98,107,160,171,173,175,211,222,268
06/M1	I+II	1,2,3,5	49,56,66,93,103,116,156,169,171,182,185,193,195,216,219,234
06/M1	I+II	1,2,3,5	9,56,82,105,145,169,171,234
06/M1	I+II	1,2,3,5	37,56,94,103,156,167,169,171,207,218,264
02/C1	I+II		3,4,117,122,127,162,163,173,186,188,216,221,223
02/C1	I		3,17,163,173,175,186,214,215,216,217,221,284,335
02/C1	II		4,34,102,120,163,173,181,186,188,216,221,227
02/C1	I+II	1,2,3,5	1,102,113,118,123,158,159,169,171,182,184,211,212,214,217,219
02/C1	I+II	1,2,3,5	13,159,169,171,182,210,211,212,213,217,280,331
02/C1	I+II	1,2,3,5	1,30,98,116,159,169,177,182,184,212,217,223
14/D1	I+II		3,58,60,82,92,104,153,167,179,190,201,216,217,244,254
14/D1	I		3,14,46,60,78,126,127,140,156,165,166,182,190,211,215,280,291
14/D1	II		1,58,60,90,92,176,179,205,216,217,244,308
14/D1	I+II	1,2,3,5	54,56,78,88,100,149,163,175,186,197,212,213,240,250
14/D1	I+II	1,2,3,5	10,42,56,74,122,123,136,152,161,162,178,186,207,211,276,287
14/D1	I+II	1,2,3,5	54,56,86,88,172,175,201,212,213,240,304
05/C1	I+II		3,58,60,75,105,150,160,164,171,173,175,176,186,188,189,199,201,213,214,218,219,221,222,232
05/C1	I		60,137,149,150,164,171,175,219
05/C1	II		3,58,60,63,89,160,163,173,175,176,186,188,189,199,201,213,214,218,219,220,221,222,228
05/C1	I+II	1,2,3,5	54,56,71,101,146,156,160,167,169,171,172,182,184,185,195,197,209,210,214,215,217,218,228
05/C1	I+II	1,2,3,5	56,133,145,146,160,167,171,215
05/C1	I+II	1,2,3,5	54,56,59,85,156,159,169,171,172,182,184,185,195,197,209,210,214,215,216,217,218,224
07/H3	I+II		56,65,119,175,186,199,201,211,213,222,228
07/H3	I		43,46,188,189,201,213,219
07/H3	II		30,77,112,127,186,188,199,211,213,221,222
07/H3	I+II	1,2,3,5	52,61,115,171,182,195,197,207,209,218,224
07/H3	I+II	1,2,3,5	39,42,184,185,197,209,215
07/H3	I+II	1,2,3,5	26,73,108,123,182,184,195,207,209,217,218
06/D3	I+II		60,77,81,104,118,136,137,150,160,162,163,166,173,175,186,189,199,211,214,218,221,229
06/D3	I		2,3,134,137,150,160,163,173,186,189,199,221,229
06/D3	II		4,60,93,104,123,124,137,147,150,160,162,163,166,173,175,177,189,190,199,211,214,221,254
06/D3	I+II	1,2,3,5	56,73,77,100,114,132,133,146,156,158,159,162,169,171,182,185,195,207,210,214,217,225
06/D3	I+II	1,2,3,5	130,133,146,156,159,169,182,185,217,225
06/D3	I+II	1,2,3,5	1,56,89,100,119,120,133,143,146,156,158,159,162,169,171,173,185,186,195,207,210,217,250
01/A3	I+II		2,3,4,60,90,91,112,113,128,150,154,162,163,173,175,176,179,188,214,215,216,219,222
01/A3	I		4,56,60,137,154,176,179,188,189,213,214,215,220,221
01/A3	II		2,3,4,39,60,66,72,102,112,142,147,150,154,160,163,173,175,181,186,188,214,215,216,219,221,222,310
01/A3	I+II	1,2,3,5	1,52,56,86,87,108,109,124,146,150,158,159,169,171,172,175,181,182,184,210,211,212,214,215,218
01/A3	I+II	1,2,3,5	1,52,56,133,150,172,175,184,185,209,210,211,216,217
01/A3	I+II	1,2,3,5	1,35,56,62,68,77,98,100,108,124,138,143,146,150,156,159,169,171,177,182,184,197,210,211,212,214,215,217,218,306
01/A2	I+II		3,4,9,68,150,160,162,167,172,175,201,214,215,216,289
01/A2	I		37,56,173,175,214,215,216,281
01/A2	II		2,3,4,68,160,162,163,167,175,188,213,214,215,221
01/A2	I+II	1,2,3,5	1,5,64,146,156,158,163,168,171,197,210,211,212,285
01/A2	I+II	1,2,3,5	33,52,169,171,210,211,212,277
01/A2	I+II	1,2,3,5	1,64,156,158,159,163,171,184,209,210,211,217
06/C1	I+II		3,4,129,137,150,160,162,163,173,175,176,186,188,189,201,210,214,219,220,221,227,260,276,309
06/C1	I		4,127,137,146,147,160,162,163,173,175,186,188,189,201,205,214,219,221,222,227,260
06/C1	II		3,4,17,129,150,160,162,163,173,175,176,186,188,210,219,220,221,227,244
06/C1	I+II	1,2,3,5	1,125,133,146,156,158,159,169,171,172,182,184,185,197,206,210,215,216,217,223,256,272,305
06/C1	I+II	1,2,3,5	1,123,133,142,143,156,158,159,169,171,182,184,185,197,201,210,215,217,218,223,256
06/C1	I+II	1,2,3,5	1,13,125,146,156,158,159,169,171,172,182,184,206,215,216,217,223,240,244
06/E1	I+II		60,110,127,149,160,173,175,176,188,189,204,211,219,220,240,244
06/E1	I		40,60,72,127,128,220,222
06/E1	II		4,60,120,127,149,160,173,174,175,176,188,189,199,204,213,219,221,222,264,268,271,276
06/E1	I+II	1,2,3,5	56,106,123,145,156,169,171,172,184,185,200,207,215,216,236,240
06/E1	I+II	1,2,3,5	36,56,68,123,124,216,218
06/E1	I+II	1,2,3,5	1,56,116,123,145,156,169,170,171,172,184,185,195,200,209,215,217,218,260,264,267,272
09/G2	I+II		2,3,58,60,67,78,96,104,118,123,134,147,149,155,160,163,166,173,175,197,206,213,216,221,222,266,275
09/G2	I		53,58,60,89,92,111,134,147,158,173,201
09/G2	II		2,47,60,70,88,102,106,120,121,123,125,139,147,149,151,155,160,162,163,166,168,173,179,186,197,201,206,213,216,219,221,222,264,270,275
09/G2	I+II	1,2,3,5	54,56,63,74,92,100,114,119,130,143,145,151,156,159,162,169,171,193,202,209,212,217,218,262,271
09/G2	I+II	1,2,3,5	49,54,56,85,88,107,130,143,154,169,197
09/G2	I+II	1,2,3,5	54,56,66,84,98,102,116,119,121,135,143,145,147,151,156,158,159,162,164,169,175,182,193,197,202,209,212,215,217,218,260,266,271
02/B2	I+II		1,3,4,82,83,136,162,163,170,173,175,176,189,199,213,219
02/B2	I		4,97,98,129,136,163,173,175,176,183,199,201,211,213,214,221,227,228
02/B2	II		3,82,134,160,163,170,175,176,177,189,219,231
02/B2	I+II	1,2,3,5	1,78,79,132,158,159,166,171,172,185,195,209,215,295
02/B2	I+II	1,2,3,5	1,93,94,125,132,159,169,171,172,179,195,197,207,209,210,217,223,224
02/B2	I+II	1,2,3,5	78,130,156,159,166,171,172,173,185,215,227,295
04/A4	I+II		4,88,96,165,173,186,188,189,221,227,267,277,278,299,300,307,310
04/A4	I		78,110,115,141,147,164,188,204,222,243,278,299,310
04/A4	II		4,88,96,128,173,175,188,189,217,221,227,239,263,278,283,297,307,309
04/A4	I+II	1,2,3,5	1,84,92,161,169,182,184,185,217,223,263,273,274,295,296,303,306
04/A4	I+II	1,2,3,5	74,106,111,137,143,160,184,200,218,239,274,295,306
04/A4	I+II	1,2,3,5	1,84,92,124,169,171,184,185,213,217,223,235,259,274,279,293,303,305
13/D1	I+II		3,4,6,58,60,64,80,101,112,120,137,150,157,163,175,188,214,215,216,219,221,298
13/D1	I		27,60,143,170,175,179,183,215,221,280,297
13/D1	II		1,3,58,60,64,82,88,133,137,150,169,175,181,188,201,219,221,286
13/D1	I+II	1,2,3,5	1,2,54,56,60,76,97,108,116,133,146,153,159,171,184,210,211,212,215,217,294
13/D1	I+II	1,2,3,5	23,56,139,166,171,175,179,211,217,276,293
13/D1	I+II	1,2,3,5	54,56,60,78,84,129,133,146,165,171,177,184,197,215,217,282
13/A4	I+II		2,3,4,53,54,58,60,68,130,137,163,173,176,186,189,199,201,202,204,218,220
13/A4	I		14,56,60,137,150,176,188,192,213,219,220,309
13/A4	II		1,2,3,54,60,68,130,160,169,173,176,186,189,199,201,202,204,211,218,220,278,281
13/A4	I+II	1,2,3,5	1,49,50,54,56,64,126,133,159,169,172,182,185,195,197,198,200,214,216
13/A4	I+II	1,2,3,5	10,52,56,133,146,172,184,188,209,215,216,305
13/A4	I+II	1,2,3,5	50,52,54,56,64,126,156,165,169,172,182,185,195,197,198,200,207,214,216,274,277
13/A5	I+II		60,84,116,162,175,188,201,216,218,219,224,286,288
13/A5	I		60,176,189,201,218,219,220,221,232,280,291,293
13/A5	II		72,116,162,163,168,173,175,176,188,189,216
13/A5	I+II	1,2,3,5	56,80,112,158,171,184,197,212,214,215,220,282,284
13/A5	I+II	1,2,3,5	56,172,185,197,214,215,216,217,228,276,287,289
13/A5	I+II	1,2,3,5	68,112,158,159,164,169,171,172,184,185,212
13/A2	I+II		1,4,48,81,96,137,150,160,162,163,175,176,177,181,188,189,199,201,206,214,282
13/A2	I		4,47,136,160,162,163,164,175,188,189,201,203,219,288
13/A2	II		1,3,119,150,160,162,163,176,181,186,188,189,195,201,214,219
13/A2	I+II	1,2,3,5	1,44,77,92,133,146,156,158,159,171,172,173,177,184,185,195,197,202,210,278
13/A2	I+II	1,2,3,5	1,43,132,156,158,159,160,171,184,185,197,199,215,284
13/A2	I+II	1,2,3,5	25,115,143,146,156,158,159,171,172,177,182,184,185,191,197,202,210,215,228
06/N1	I+II		53,55,58,60,72,74,81,82,90,106,113,150,163,165,176,188,189,219,272,282,304
06/N1	I		13,37,48,60,81,82,98,113,114,176,189,190,191,204,214,216
06/N1	II		45,66,74,90,98,105,150,163,171,176,189,199,219,220,272,290,295,304
06/N1	I+II	1,2,3,5	49,51,54,56,68,70,77,78,86,102,109,146,159,161,172,184,185,215,268,278,300
06/N1	I+II	1,2,3,5	9,33,44,56,77,78,94,109,110,172,185,186,187,200,210,212
06/N1	I+II	1,2,3,5	41,62,70,86,94,101,146,159,167,172,185,195,215,216,268,286,291,300
06/D6	I+II		2,86,93,124,134,146,147,150,153,160,163,173,175,176,186,189,214,221,240
06/D6	I		44,93,105,106,124,137,149,153,160,163,168,173,176,188,189,221,309
06/D6	II		3,83,160,175,186,189,214,218,221,263,272,279
06/D6	I+II	1,2,3,5	82,89,120,130,142,143,149,156,159,169,171,172,182,185,210,217,236
06/D6	I+II	1,2,3,5	40,89,101,102,120,133,145,149,156,159,164,169,172,184,185,217,305
06/D6	I+II	1,2,3,5	79,156,171,182,185,210,214,217,259,268,275
06/F4	I+II		1,2,3,53,58,60,66,108,118,129,155,160,170,173,175,192,204,217,221,264,272,273,297,303,310
06/F4	I		1,53,58,60,96,108,129,158,162,170,173,175,219,297,299,303
06/F4	II		2,3,44,60,89,97,129,147,155,173,179,192,223,264
06/F4	I+II	1,2,3,5	49,54,56,62,104,114,125,151,156,166,169,171,188,200,213,217,260,268,269,293,299,306
06/F4	I+II	1,2,3,5	49,54,56,92,104,125,151,154,158,166,169,171,215,293,295,299
06/F4	I+II	1,2,3,5	40,56,85,93,125,143,151,169,175,182,188,219,260
12/H3	I+II		3,4,58,60,108,118,142,147,151,153,160,181,186,191,244,277
12/H3	I		13,14,16,27,139,224
12/H3	II		3,4,58,60,108,124,147,153,160,174,191,215,226,244,277
12/H3	I+II	1,2,3,5	1,54,56,104,114,138,143,147,149,177,182,187,211,240,273
12/H3	I+II	1,2,3,5	9,10,12,23,135,220
12/H3	I+II	1,2,3,5	1,54,56,104,120,143,149,156,170,187,211,222,240,273
12/E1	I+II		2,3,58,60,62,96,120,153,159,177,186,201,211,216,244,252,264
12/E1	I		2,3,58,177,252,266,276
12/E1	II		2,3,58,60,62,96,105,112,120,124,138,160,186,192,202,211,216,217
12/E1	I+II	1,2,3,5	54,56,58,92,116,149,155,173,182,197,207,212,240,248,260
12/E1	I+II	1,2,3,5	54,56,173,248,252,262,272
12/E1	I+II	1,2,3,5	54,56,58,92,101,108,116,120,134,156,182,198,207,212
06/D4	I+II		1,34,106,150,160,162,163,173,175,176,188,189,199,214,219,220,221,232
06/D4	I		1,118,121,148,173,175,176,186,188,189,199,213,214,221,222,232,250
06/D4	II		106,134,162,163,173,175,176,188,189,214,215,219,221
06/D4	I+II	1,2,3,5	30,102,146,156,158,159,169,171,172,184,185,195,210,215,216,217,228
06/D4	I+II	1,2,3,5	114,117,144,169,171,172,182,184,185,195,209,210,217,218,228,246
06/D4	I+II	1,2,3,5	102,130,158,159,169,171,172,184,185,210,211,215,217
05/A2	I+II		2,3,60,86,89,110,125,186,189,197,219,221
05/A2	I		38,60,185,198,264,272
05/A2	II		60,102,124,127,171,175,186,189,219,221
05/A2	I+II	1,2,3,5	56,82,85,106,121,182,185,193,215,217
05/A2	I+II	1,2,3,5	34,56,181,194,260,268
05/A2	I+II	1,2,3,5	56,98,120,123,167,171,182,185,215,217
05/A1	I+II		3,53,60,137,155,160,162,173,186,190,192,195,213,221,266
05/A1	I		13,37,60,137,150,162,201,206,211,215,266
05/A1	II		3,53,58,60,63,137,146,160,162,173,179,186,188,190,192,201,211,214,216,219,222,264,266
05/A1	I+II	1,2,3,5	49,54,56,133,151,156,158,169,182,186,188,191,209,217,260,262
05/A1	I+II	1,2,3,5	9,33,56,133,146,158,197,202,207,211,262
05/A1	I+II	1,2,3,5	49,54,56,59,133,142,156,158,169,175,182,184,186,188,197,207,210,212,215,218,260,262
10/H1	I+II		2,3,58,60,104,126,155,166,173,174,179,190,193,194,244,252,264,308
10/H1	I		58,126,153,216,217
10/H1	II		2,3,58,60,104,152,155,161,173,177,179,190,193,244
10/H1	I+II	1,2,3,5	54,56,100,122,151,162,169,170,173,175,186,189,190,213,240,248,260,304
10/H1	I+II	1,2,3,5	54,122,149,212,213
10/H1	I+II	1,2,3,5	54,56,100,120,148,151,157,169,173,175,186,189,240
13/D2	I+II		4,58,60,80,101,118,122,137,150,175,189,201,216,232,283
13/D2	I		2,11,56,60,125,220,222,232
13/D2	II		60,80,118,122,150,175,199,201,216
13/D2	I+II	1,2,3,5	1,54,56,76,97,114,118,133,146,171,185,197,212,228,279
13/D2	I+II	1,2,3,5	7,52,56,121,216,218,228
13/D2	I+II	1,2,3,5	56,76,114,118,146,171,195,197,212
11/E4	I+II		2,53,58,60,67,87,107,120,149,173,179,192,199,203,220,248
11/E4	I		17,29,36,60,87,90,125,137,173,175,201,221,333
11/E4	II		2,3,53,58,60,67,87,107,120,140,147,166,173,192,203,216,220,244,268
11/E4	I+II	1,2,3,5	49,54,56,63,83,103,116,145,169,175,188,195,199,216,244
11/E4	I+II	1,2,3,5	13,25,32,56,83,86,121,133,169,171,197,217,329
11/E4	I+II	1,2,3,5	49,54,56,63,83,103,116,136,143,162,169,188,199,212,216,240,264
11/E1	I+II		2,3,4,58,60,82,104,160,162,173,175,184,188,214,219,220,310
11/E1	I		14,55,60,120,160,175,188,218,222,272
11/E1	II		2,3,4,58,60,104,116,138,160,163,173,184,186,188,211,221,222,234,279,291,310
11/E1	I+II	1,2,3,5	1,54,56,78,100,156,158,169,171,180,184,210,215,216,306
11/E1	I+II	1,2,3,5	10,51,56,116,156,171,184,214,218,268
11/E1	I+II	1,2,3,5	1,54,56,100,112,134,156,159,169,180,182,184,197,207,217,218,230,275,287,306
11/E3	I+II		3,4,58,60,61,124,160,163,173,175,213,214,221
11/E3	I		25,34,60,124,163,173,175,186,221,236,275
11/E3	II		3,58,60,61,160,173,175,176,213,214,215,221
11/E3	I+II	1,2,3,5	1,54,56,57,120,156,159,169,171,209,210,217
11/E3	I+II	1,2,3,5	21,30,56,120,159,169,171,182,217,232,271
11/E3	I+II	1,2,3,5	54,56,57,156,169,171,172,209,210,211,217
11/E2	I+II		2,29,60,176,204
11/E2	I		2,4,14,29,60,121,186,215,217,295
11/E2	II		2,4,55,60,147,153,176,204,218
11/E2	I+II	1,2,3,5	25,56,172,200
11/E2	I+II	1,2,3,5	1,10,25,56,117,182,211,213,291
11/E2	I+II	1,2,3,5	1,51,56,143,149,172,214
11/D1	I+II		2,3,58,60,77,79,85,93,99,118,140,147,153,165,173,179,199,204,224,226,231,234,266,267,268,271,276,278
11/D1	I		16,37,60,91,99,178,179,199,205,238,254,262,267
11/D1	II		1,2,58,60,85,101,122,130,147,153,179,186,199,204,224,226,234,268,271,276
11/D1	I+II	1,2,3,5	56,73,75,81,95,114,136,143,149,161,169,175,195,200,220,222,230,262,263,264,267,272,274
11/D1	I+II	1,2,3,5	12,33,56,87,95,174,175,195,201,234,250,258,263
11/D1	I+II	1,2,3,5	54,56,81,97,118,126,143,149,175,182,195,200,220,222,230,264,267,272
11/D2	I+II		2,56,58,60,63,110,112,118,147,153,224,252,265
11/D2	I		14,37,60,88,92,203,232,238,249,260,276,309
11/D2	II		41,60,84,147,166,216,222,224,265
11/D2	I+II	1,2,3,5	52,54,56,59,106,108,114,143,149,220,248,261
11/D2	I+II	1,2,3,5	10,33,56,84,88,199,228,234,245,256,272,305
11/D2	I+II	1,2,3,5	37,56,80,143,162,212,218,220,261
14/C1	I+II		3,56,58,81,92,137,143,160,163,166,173,175,176,182,189,201,264
14/C1	I		14,61,77,153,156,162,173,188,189,201,214,264,267,272,280,293
14/C1	II		2,54,58,92,116,122,137,150,163,166,173,176,186,189,192,195,201,236
14/C1	I+II	1,2,3,5	52,54,88,133,139,159,162,169,172,185,197,260
14/C1	I+II	1,2,3,5	10,57,73,149,152,158,169,184,185,197,210,260,263,268,276,289
14/C1	I+II	1,2,3,5	50,54,88,112,118,133,146,159,162,169,172,182,185,187,188,191,197,232
07/H2	I+II		13,42,48,62,149,160,168,171,172,175,176,188,189,219,220,264,272
07/H2	I		13,42,185,217,220
07/H2	II		42,62,138,160,171,173,175,176,188,189,213,218,219,220,264,299
07/H2	I+II	1,2,3,5	9,38,44,58,145,156,164,167,168,171,172,184,185,215,216,260,268
07/H2	I+II	1,2,3,5	9,38,181,213,216
07/H2	I+II	1,2,3,5	38,58,134,156,167,169,171,172,184,185,209,214,215,216,260,295
07/H4	I+II		30,70,149,162,163,175,188,206,221,276,306
07/H4	I		25,30,147,150,175,188,206,222,224
07/H4	II		44,66,155,162,163,175,185,213,219,221,306,307
07/H4	I+II	1,2,3,5	26,66,145,158,159,171,184,202,217,272,302
07/H4	I+II	1,2,3,5	21,26,143,146,171,184,202,218,220
07/H4	I+II	1,2,3,5	40,62,151,158,159,171,181,209,215,217,302,303
05/B2	I+II		2,3,4,58,60,61,69,74,78,85,109,114,132,146,173,185,188,189,198,216,217,221,228,232
05/B2	I		4,27,146,221,232,240
05/B2	II		3,4,60,62,69,70,82,85,109,110,111,159,173,185,189,217,218,221
05/B2	I+II	1,2,3,5	1,54,56,57,65,70,74,81,105,110,128,142,169,181,184,185,194,212,213,217,224,228
05/B2	I+II	1,2,3,5	1,23,142,217,228,236
05/B2	I+II	1,2,3,5	1,56,58,65,66,78,81,105,106,107,155,169,181,185,213,214,217
10/B1	I+II		2,3,58,60,74,127,138,140,153,164,166,169,179,182,186,192,194,204,205,215,217,219,254,263,264,274,308
10/B1	I		1,2,3,56,58,60,127,166,179,182,186,192,204,215,244,264
10/B1	II		2,3,58,60,65,82,140,153,155,164,166,169,186,190,192,204,215,263,274,284,289,308
10/B1	I+II	1,2,3,5	54,56,70,123,134,136,149,160,162,165,175,178,182,188,190,200,201,211,213,215,250,259,260,270,304
10/B1	I+II	1,2,3,5	52,54,56,123,162,178,182,188,200,211,240,260
10/B1	I+II	1,2,3,5	54,56,61,78,136,149,151,160,162,165,182,186,188,200,211,259,270,280,285,304
09/B1	I+II		2,3,4,58,60,168,201,297
09/B1	I		58,60,168
09/B1	II		3,58,126,136,201
09/B1	I+II	1,2,3,5	1,54,56,122,132,164,177,197,293
09/B1	I+II	1,2,3,5	54,56,164
09/B1	I+II	1,2,3,5	54,56,122,132,164,197,262
13/B1	I+II		2,3,4,53,58,60,104,121,127,147,160,166,176,179,186,192,202,205,206,215,217,239,260,292,306
13/B1	I		4,9,12,41,60,82,147,154,160,173,192,240
13/B1	II		2,3,4,53,58,60,104,127,153,160,165,166,173,179,186,205,206,215,217,234,288,292
13/B1	I+II	1,2,3,5	1,49,54,56,100,102,123,143,156,162,172,175,182,188,198,201,202,211,213,235,256,288,302
13/B1	I+II	1,2,3,5	1,5,8,37,56,78,143,150,156,169,188,236
13/B1	I+II	1,2,3,5	1,49,54,56,100,123,149,156,161,162,169,175,182,201,202,211,213,230,284,288
05/F1	I+II		3,4,97,98,121,150,155,163,176,188,189,200,219,221,227,301
05/F1	I		3,13,86,88,121,150,176,188,189,193,197,217,219,221,299
05/F1	II		1,3,4,70,97,98,107,120,163,171,175,176,188,189,200,216,219,220,221,235,301
05/F1	I+II	1,2,3,5	1,93,94,117,146,151,159,172,184,185,196,215,217,223,297
05/F1	I+II	1,2,3,5	9,82,84,117,146,172,184,185,189,193,213,215,217,295
05/F1	I+II	1,2,3,5	1,66,93,94,103,116,159,167,171,172,184,185,196,212,215,216,217,231,297
06/A2	I+II		1,4,65,82,98,113,120,124,136,145,150,160,163,173,175,176,179,186,188,189,197,199,219,221,222,240,247,260,299,316
06/A2	I		46,65,82,124,160,163,171,173,176,186,188,189,199,219,232,247
06/A2	II		1,4,31,90,124,132,149,150,160,173,175,176,179,186,188,189,192,197,221,247,252,264,289
06/A2	I+II	1,2,3,5	1,61,78,94,109,116,120,132,141,146,156,159,169,171,172,175,182,184,185,193,195,215,217,218,236,243,256,295,312
06/A2	I+II	1,2,3,5	42,61,78,120,156,159,167,169,172,182,184,185,195,215,228,243
06/A2	I+II	1,2,3,5	1,27,86,120,128,145,146,156,169,171,172,175,182,184,185,188,193,217,243,248,260,285
06/A3	I+II		2,3,60,132,134,145,147,160,163,165,175,176,178,186,189,199,211,213,221,222
06/A3	I		14,145,160,214
06/A3	II		2,3,60,147,149,160,175,186,189,199,213,216,219,221,222
06/A3	I+II	1,2,3,5	56,128,130,141,143,156,159,161,171,172,174,182,185,195,207,209,215,217,218
06/A3	I+II	1,2,3,5	10,141,156,210
06/A3	I+II	1,2,3,5	56,143,145,156,171,182,185,195,209,212,215,217,218
05/E2	I+II		3,4,65,110,121,150,163,173,176,186,189,219,221,239,244,303
05/E2	I		82,90,113,119,133,134,160,163,176,186,188,189,214,217,219,239,275
05/E2	II		3,4,48,65,74,86,92,120,150,163,175,176,186,189,214,219,221,239,244,254,303
05/E2	I+II	1,2,3,5	1,61,106,117,146,159,169,172,182,185,215,217,235,240,299
05/E2	I+II	1,2,3,5	78,86,109,115,129,130,156,159,172,182,184,185,210,213,215,235,271
05/E2	I+II	1,2,3,5	1,44,61,70,82,88,116,146,159,171,172,182,185,210,215,217,235,240,250,299
05/I1	I+II		2,3,60,65,77,80,81,83,102,110,123,173,182,192,204,221,241,251,271,275
05/I1	I		3,81,85,105,123,134,172,182,195,241,298
05/I1	II		3,60,82,83,85,102,173,204,231,271
05/I1	I+II	1,2,3,5	37,56,61,73,76,77,79,98,106,119,169,178,188,200,217,237,247,267,271
05/I1	I+II	1,2,3,5	77,81,85,101,119,130,132,168,178,191,237,294
05/I1	I+II	1,2,3,5	56,78,79,81,98,169,200,227,267
09/G1	I+II		3,58,60,119,158,179,181,189,201,219,240,263
09/G1	I		60,168,181,188,216,219,240
09/G1	II		58,60,84,85,111,158,173,176,181,201,305
09/G1	I+II	1,2,3,5	54,56,115,154,175,177,185,197,215,236,259
09/G1	I+II	1,2,3,5	56,164,177,184,212,215,236
09/G1	I+II	1,2,3,5	54,56,80,81,107,154,169,172,177,197,301
02/B1	I+II		4,73,107,118,134,150,151,162,163,173,175,176,188,189,197,201,214,219,232,251,296
02/B1	I		4,61,74,82,89,105,124,134,137,142,160,163,173,175,176,184,187,189,197,199,201,213,216,221
02/B1	II		4,107,112,135,154,160,163,173,175,176,189,219,232,282
02/B1	I+II	1,2,3,5	1,69,103,114,130,146,147,158,159,169,171,172,184,185,193,197,210,215,228,247,292
02/B1	I+II	1,2,3,5	1,57,70,78,85,101,120,130,133,138,156,159,169,171,172,180,183,185,193,195,197,209,212,217
02/B1	I+II	1,2,3,5	1,103,108,131,150,156,159,169,171,172,185,215,228,278
08/A2	I+II		3,12,25,60,86,88,100,124,129,140,155,160,165,168,173,192,194,199,201,206,219,224
08/A2	I		25,60,86,121,129,160,168,179,191,192,194,206,339
08/A2	II		2,3,25,60,70,84,124,125,129,155,160,168,181,186,192,199,201,206,219
08/A2	I+II	1,2,3,5	8,21,56,82,84,96,120,125,136,151,156,161,164,169,188,190,195,197,202,215,220,335
08/A2	I+II	1,2,3,5	21,56,82,117,125,156,164,175,187,188,190,202,335
08/A2	I+II	1,2,3,5	21,56,66,80,120,121,125,151,156,164,177,182,197,202,215
04/A3	I+II		3,53,58,60,97,105,160,166,168,169,173,176,178,190,211,221
04/A3	I		35,60,89,105,160,162,165,169,173,186,188,202,213,217,220,244
04/A3	II		3,56,58,59,60,173,176
04/A3	I+II	1,2,3,5	49,54,56,93,101,156,162,164,165,169,172,174,186,207,217
04/A3	I+II	1,2,3,5	31,56,85,101,156,158,161,165,169,182,184,198,209,213,216,240
04/A3	I+II	1,2,3,5	52,55,56,169
01/A5	I+II		2,3,27,60,70,84,92,102,106,114,231
01/A5	I		56,62,125,129,185,292
01/A5	II		2,3,30,43,60,66,83,84,92,102,114,139,194
01/A5	I+II	1,2,3,5	23,56,66,80,88,98,102,110,227
01/A5	I+II	1,2,3,5	52,58,121,125,181,288
01/A5	I+II	1,2,3,5	26,39,56,62,79,80,88,98,110,135,190
10/M1	I+II		2,3,33,56,60,153,162,179,232,238,248,266,272,274
10/M1	I		14,39,53,56,162,216,232,287
10/M1	II		56,129,147,153,179,192,266,268,278
10/M1	I+II	1,2,3,5	29,49,52,56,149,158,175,228,234,244,262,268,270
10/M1	I+II	1,2,3,5	10,35,49,52,158,212,228,283
10/M1	I+II	1,2,3,5	52,125,143,149,175,188,262,264,274
03/C2	I+II		2,3,60,140,147,155,160,162,173,175,176,179,184,186,188,199,201,216,219,220
03/C2	I		2,3,127,155,160,162,163,179,184,186,201,213,215
03/C2	II		2,3,31,60,76,89,160,173,175,176,186,188,199,211,216,219,231,232
03/C2	I+II	1,2,3,5	56,136,151,156,158,169,171,172,175,180,182,184,195,197,207,212,215,216
03/C2	I+II	1,2,3,5	56,123,146,151,156,158,159,175,180,182,195,197,209,211,212
03/C2	I+II	1,2,3,5	27,56,72,85,156,169,171,172,182,184,195,207,212,215,227,228
03/A2	I+II		37,60,78,141,163,176,210,221
03/A2	I		3,14,60,69,124,171,179,186,188,219,223,245
03/A2	II		58,60,105,107,110,125,162,163,176,180,186,189,219,221
03/A2	I+II	1,2,3,5	33,56,74,137,159,172,206,217
03/A2	I+II	1,2,3,5	9,56,65,114,120,167,175,182,184,215,219,241
03/A2	I+II	1,2,3,5	54,56,101,103,106,121,158,159,172,176,182,185,215,217
03/A1	I+II		2,3,60,82,116,142,150,153,163,172,173,175,202,214,216,221,236,243
03/A1	I		47,60,113,175,296
03/A1	II		1,2,3,58,60,82,116,142,150,153,163,173,175,185,189,192,214,220,221,243,279
03/A1	I+II	1,2,3,5	56,78,112,138,146,149,159,168,169,171,198,210,212,217,232,239
03/A1	I+II	1,2,3,5	43,56,109,171,292
03/A1	I+II	1,2,3,5	54,56,78,112,138,146,149,159,169,171,181,185,188,210,216,217,239,275
11/C5	I+II		1,2,3,58,60,62,78,92,119,160,165,166,173,179,181,182,194,195,202,203,215,217,221,228,232,241
11/C5	I		1,2,3,14,60,120,142,166,169,179,181,182,194,195,215,224
11/C5	II		1,2,3,58,60,62,92,106,119,160,165,166,173,181,182,195,202,203,215,217,219,241,260
11/C5	I+II	1,2,3,5	54,56,58,74,88,115,156,161,162,164,169,175,177,178,190,191,198,199,211,213,217,224,228,237
11/C5	I+II	1,2,3,5	10,56,116,136,138,175,177,178,190,191,211,220
11/C5	I+II	1,2,3,5	54,56,58,88,102,115,156,161,162,169,177,178,191,198,199,211,213,217,237,256
11/C4	I+II		2,3,58,60,118,140,141,172,177,183,204,269,340
11/C4	I		16,27,30,60,68,135,137,172
11/C4	II		3,58,60,118,125,140,157,177,179,251
11/C4	I+II	1,2,3,5	54,56,114,136,137,168,173,179,200,265,336
11/C4	I+II	1,2,3,5	12,23,26,56,64,131,133,168
11/C4	I+II	1,2,3,5	54,56,114,121,136,153,173,175,247
11/C3	I+II		2,3,53,60,153,160,191,215,244,258
11/C3	I		14,53,56,60,62,140,285,319
11/C3	II		2,60,153,173,177,191,220,230
11/C3	I+II	1,2,3,5	49,56,149,156,187,211,240,254
11/C3	I+II	1,2,3,5	10,49,52,56,58,136,281,315
11/C3	I+II	1,2,3,5	56,149,169,173,187,216,226
11/C1	I+II		2,3,58,60,84,116,127,152,160,179,192,215,249,268,331
11/C1	I		14,39,60,139,140,152,165,177,192,202,268,272
11/C1	II		58,60,84,120,160,179,192,215,251
11/C1	I+II	1,2,3,5	54,56,80,112,123,148,156,175,188,211,245,264,327
11/C1	I+II	1,2,3,5	10,35,56,135,136,148,161,173,188,198,264,268
11/C1	I+II	1,2,3,5	54,56,80,116,156,175,188,211,247
05/G1	I+II		2,3,58,60,118,134,137,160,173,188,198,199,221,262,271,276
05/G1	I		60,105,136,160,186,188,216,217,219,223,246,264,276
05/G1	II		2,3,58,60,119,137,142,160,166,172,173,188,198,199,219,267,272
05/G1	I+II	1,2,3,5	54,56,114,130,133,156,169,184,194,195,217,258,267,272
05/G1	I+II	1,2,3,5	56,101,132,156,182,184,212,213,215,219,242,260,272
05/G1	I+II	1,2,3,5	54,56,115,133,138,156,162,168,169,184,194,195,215,263,268
09/H1	I+II		2,3,53,58,60,117,122,141,155,163,165,166,168,173,176,188,216,221,268,304
09/H1	I		2,3,4,13,14,16,60,100,137,160,175,193,216,221,244,268,284
09/H1	II		3,53,58,60,90,92,153,155,165,166,168,175,181,186,199,201,214,216,221
09/H1	I+II	1,2,3,5	49,54,56,113,118,137,151,161,162,164,169,172,184,212,217,264,300
09/H1	I+II	1,2,3,5	1,9,10,12,56,96,133,156,171,189,212,217,240,264,280
09/H1	I+II	1,2,3,5	49,54,56,86,88,151,161,162,164,171,177,182,195,197,210,212,217
03/C1	I+II		3,4,73,101,137,143,147,150,160,163,176,188,189,214,265
03/C1	I		2,3,73,101,113,124,137,147,163,173,175,176,189,211,265,272,307,313
03/C1	II		25,101,137,150,160,163,176,189,214,217,219
03/C1	I+II	1,2,3,5	1,69,97,133,139,143,146,156,159,172,184,185,210,261
03/C1	I+II	1,2,3,5	69,97,101,102,120,133,143,159,169,171,172,185,207,228,261,268,303,309
03/C1	I+II	1,2,3,5	21,97,133,146,156,159,172,185,210,213,215
11/B1	I+II		2,3,58,60,82,125,134,149,153,166,178,179,181,187,191,215,241,252
11/B1	I		14,36,60,149,153,165,179,216,256,302
11/B1	II		2,3,58,60,108,134,166,178,179,181,191,200,215,274
11/B1	I+II	1,2,3,5	54,56,78,121,130,145,149,162,174,175,177,183,187,211,237,248
11/B1	I+II	1,2,3,5	10,32,56,145,149,161,175,212,252,298
11/B1	I+II	1,2,3,5	54,56,104,130,162,174,175,177,187,196,211,270
11/A3	I+II		1,2,3,58,60,98,112,121,134,152,153,165,166,169,173,183,186,190,215,236,252
11/A3	I		2,3,58,60,110,179,215,260
11/A3	II		1,3,58,60,62,112,121,130,144,152,164,165,166,173,186,190,204,215,252,268
11/A3	I+II	1,2,3,5	54,56,94,108,117,130,148,149,161,162,165,169,179,182,186,211,232,248
11/A3	I+II	1,2,3,5	54,56,106,175,211,256
11/A3	I+II	1,2,3,5	54,56,58,108,117,126,148,160,161,162,169,179,182,186,200,211,244,248,264
13/B2	I+II		2,3,4,53,58,60,160,166,168,175,177,224,264,282
13/B2	I		2,3,16,25,60,106,153,166,186,264
13/B2	II		2,3,4,53,58,60,117,127,150,155,160,166,173,177,194,224,244,308
13/B2	I+II	1,2,3,5	1,49,54,56,156,160,162,171,190,220,260,278
13/B2	I+II	1,2,3,5	12,21,56,102,136,162,169,212,260
13/B2	I+II	1,2,3,5	1,49,54,56,113,123,146,151,156,162,169,173,190,220,240,304
13/B3	I+II		6,26,60,168,204
13/B3	I		14,60,102,153,179,192
13/B3	II		37,60,166,181,183,192,222
13/B3	I+II	1,2,3,5	2,22,56,164,200
13/B3	I+II	1,2,3,5	10,56,98,149,175,188
13/B3	I+II	1,2,3,5	33,56,162,177,179,188,218
13/A1	I+II		4,33,137,153,154,162,163,175,176,177,181,189,192,201,214,215,216,219,221,304
13/A1	I		4,42,56,151,152,153,163,164,181,187,188,189,191,192,201,214,215,216,219,221,300
13/A1	II		58,137,140,162,163,175,176,181,188,201,214,219,221
13/A1	I+II	1,2,3,5	1,29,133,149,150,158,159,171,172,173,177,185,188,197,210,211,212,215,217,300
13/A1	I+II	1,2,3,5	1,38,52,147,148,149,159,160,177,183,184,185,187,188,197,210,211,212,215,217,296
13/A1	I+II	1,2,3,5	54,133,136,158,159,171,172,177,184,197,210,215,217
09/B3	I+II		3,4,12,19,60,69,129,173,176,192,194,213,216,280
09/B3	I		14,60,142,155,181
09/B3	II		3,4,48,60,107,162,173,176,192,194,216,231,309
09/B3	I+II	1,2,3,5	1,8,15,56,65,125,151,159,169,172,188,190,209,212,276
09/B3	I+II	1,2,3,5	10,56,138,151,177
09/B3	I+II	1,2,3,5	1,44,56,103,125,162,169,172,185,188,190,209,212,215,227,305
12/F1	I+II		4,56
12/F1	I		56
12/F1	II		27,40,56
12/F1	I+II	1,2,3,5	1,52
12/F1	I+II	1,2,3,5	52
12/F1	I+II	1,2,3,5	23,36,52
13/C1	I+II		1,2,3,60,116,119,153,164,166,179,186,192,194,215,216,217,245
13/C1	I		3,56,58,60,117,140,178,179,215,302
13/C1	II		1,2,3,58,116,119,166,168,169,179,186,192,203,215,216,217
13/C1	I+II	1,2,3,5	54,56,112,115,137,149,160,162,175,182,188,190,211,212,213,241
13/C1	I+II	1,2,3,5	52,54,56,113,136,148,173,174,175,211,298,305
13/C1	I+II	1,2,3,5	54,112,115,137,149,160,162,164,165,175,182,188,199,211,212,213
10/N3	I+II		1,2,3,58,141,165,270
10/N3	I		58,125,142,226
10/N3	II		1,2,3,58,60,141,179,224
10/N3	I+II	1,2,3,5	54,56,137,161,224,266
10/N3	I+II	1,2,3,5	54,121,138,222
10/N3	I+II	1,2,3,5	54,56,137,175,220
14/B2	I+II		1,2,58,108,134,147,151,152,190,214
14/B2	I		56,58,68,201
14/B2	II		1,2,58,61,108,147,164,190,191
14/B2	I+II	1,2,3,5	54,56,104,112,130,143,147,148,160,186,210
14/B2	I+II	1,2,3,5	52,54,64,197
14/B2	I+II	1,2,3,5	54,56,57,94,104,143,160,173,186,187,210
09/D3	I+II		2,3,58,60,117,121,135,137,142,147,149,150,162,176,188,201,235
09/D3	I		4,60,81,100,134,149,160,162,211,214
09/D3	II		3,55,60,121,142,145,147,150,175,176,192,231
09/D3	I+II	1,2,3,5	54,56,113,117,131,133,138,143,145,146,158,172,184,197,231,276
09/D3	I+II	1,2,3,5	1,56,77,96,130,145,156,158,207,210
09/D3	I+II	1,2,3,5	51,56,117,138,141,143,146,172,188,220,227
06/E2	I+II		2,3,62,127,149,160,162,172,173,175,186,188,189,212,213,221,225,256,267
06/E2	I		86,133,134,188,199,221,222,226
06/E2	II		2,3,62,127,134,149,160,162,163,167,172,173,175,186,188,221,236,260,267
06/E2	I+II	1,2,3,5	58,123,145,156,158,168,169,171,182,184,185,208,209,217,242,252,263
06/E2	I+II	1,2,3,5	82,129,130,184,195,217,218,222
06/E2	I+II	1,2,3,5	58,123,130,145,156,158,159,163,168,169,171,182,184,217,232,256,263
09/C2	I+II		2,3,60,140,154,155,173,175,212,221,223,313
09/C2	I		2,3,14,60,85,154,155,173,181,186,188,196,201,220,247,291
09/C2	II		2,3,36,60,69,154,160,188,221,306
09/C2	I+II	1,2,3,5	49,54,56,136,150,151,158,169,171,208,215,217,219,294,309
09/C2	I+II	1,2,3,5	9,56,81,150,151,153,164,169,177,182,184,192,197,216,243,287
09/C2	I+II	1,2,3,5	54,56,65,134,146,150,156,169,184,215,216,217,282,297,300
07/H5	I+II		13,60,134,160
07/H5	I		2,27,60,127,149
07/H5	II		13,60
07/H5	I+II	1,2,3,5	9,56,130,156
07/H5	I+II	1,2,3,5	9,25,27,123,145
07/H5	I+II	1,2,3,5	9,56
11/C2	I+II		41,60,90,120,155,163,169,173,176,186,188,193,199,201,219,263,293
11/C2	I		60,176,192,194,221,315
11/C2	II		60,87,120,143,150,155,181,186,188,195,199,201,276
11/C2	I+II	1,2,3,5	37,56,86,116,151,159,165,169,172,182,184,189,195,197,215,259,289
11/C2	I+II	1,2,3,5	56,172,188,190,217,311
11/C2	I+II	1,2,3,5	56,83,116,139,146,151,177,182,184,191,195,197,272
10/D4	I+II		4,58,60,153,165,179,186,217
10/D4	I		4,58,215,290,305
10/D4	II		4,58,60,124,139,153,155,165,166,179,186,215,217
10/D4	I+II	1,2,3,5	1,54,56,149,161,175,182,213
10/D4	I+II	1,2,3,5	1,54,211,286,301
10/D4	I+II	1,2,3,5	1,54,56,120,135,149,151,161,162,175,182,211,213
08/C1	I+II		3,56,58,60,65,116,166,186,192,263,264
08/C1	I		2,3,14,17,60,93,122,160,165,166,173,179,190,206,215,216,244
08/C1	II		2,58,60,92,134,166,192,194,241,246,252,263
08/C1	I+II	1,2,3,5	52,54,56,118,162,182,188,259,260
08/C1	I+II	1,2,3,5	10,13,49,56,89,118,156,161,162,175,182,186,190,202,211,212,240
08/C1	I+II	1,2,3,5	54,56,88,130,162,188,237,242,248,259
08/F1	I+II		2,3,58,60,96,166,168,173,174,177,179,192,194,199,204,216,260,278
08/F1	I		2,3,4,14,60,108,139,166,175,177,178,179,204,260,296
08/F1	II		2,3,58,60,81,96,166,173,174,177,179,181,190,191,192,194,199,204,213,216,278,300
08/F1	I+II	1,2,3,5	54,56,92,162,164,169,170,173,175,187,188,190,195,200,212,256,274
08/F1	I+II	1,2,3,5	1,10,56,104,135,162,171,173,174,175,200,256,292
08/F1	I+II	1,2,3,5	54,56,77,92,162,169,170,173,175,177,186,187,188,190,195,200,209,212,274,296
08/D1	I+II		3,58,60,104,123,124,127,138,140,147,153,168,179,186,202,215,229,239,260,266,276,278
08/D1	I		3,58,94,124,127,140,178,179,191,216,253,266,276,278,307
08/D1	II		3,58,60,104,124,140,153,183,186,192,199,202,215,223,233,260,268
08/D1	I+II	1,2,3,5	54,56,100,119,120,123,134,136,143,149,164,175,182,198,211,225,235,256,262,272,274
08/D1	I+II	1,2,3,5	54,90,120,123,136,174,175,187,212,249,262,272,274,303
08/D1	I+II	1,2,3,5	54,56,100,136,179,182,188,195,198,205,219,264
01/A4	I+II		2,3,13,60,91,163,181,189,206,218,219,285
01/A4	I		58,60,84,168,186,199,204,256,289
01/A4	II		2,3,13,60,186,219,242,285
01/A4	I+II	1,2,3,5	9,56,87,159,177,185,202,214,215,281
01/A4	I+II	1,2,3,5	54,56,80,164,182,195,200,252,285
01/A4	I+II	1,2,3,5	9,56,182,215,238,281
14/C2	I+II		1,2,58,60,89,105,120,124,143,153,163,165,166,169,173,186,189,195,216,230,248,264,273
14/C2	I		58,70,77,118,143,153,164,165,166,178,186,195,228,232,258,262,264,267,269
14/C2	II		2,3,58,60,71,105,117,122,143,155,163,166,172,186,195,248,264
14/C2	I+II	1,2,3,5	54,56,85,101,116,120,139,149,161,162,169,185,191,226,244,260,269
14/C2	I+II	1,2,3,5	54,66,73,114,139,149,160,161,162,174,182,191,224,228,254,258,260,263,265
14/C2	I+II	1,2,3,5	54,56,67,101,113,118,139,151,159,162,168,182,191,244,260
10/C1	I+II		2,4,58,60,90,160,165,166,186,190,233,240,251
10/C1	I		3,58,60,142,153,160,164,165,166,173,179,186,227,233,248,252
10/C1	II		2,4,58,60,64,124,166,177,186,225,240
10/C1	I+II	1,2,3,5	1,54,56,86,156,161,162,182,186,229,236,247
10/C1	I+II	1,2,3,5	54,56,138,149,156,160,161,162,169,175,182,223,229,244,248
10/C1	I+II	1,2,3,5	1,54,56,60,120,173,182,221,236
01/A1	I+II		1,2,3,10,60,122,160,181,189,195,201,211,214,280,286
01/A1	I		12,33,60,163,179,182,186,189,214,215,222,256,286
01/A1	II		1,2,3,60,80,147,155,166
01/A1	I+II	1,2,3,5	6,56,118,156,177,185,191,197,207,210,276,282
01/A1	I+II	1,2,3,5	8,29,56,159,175,178,182,185,210,211,218,252,282
01/A1	I+II	1,2,3,5	56,76,130,143,162,202,210
08/E1	I+II		2,3,58,60,114,116,125,127,134,140,153,166,170,173,177,178,179,181,190,192,199,208,214,215,249
08/E1	I		2,14,60,125,127,152,153,166,179,190,199,214,215,225,309,319
08/E1	II		2,58,60,86,116,134,138,140,153,164,166,167,170,174,177,178,179,190,192,196,199,206,215,216,245
08/E1	I+II	1,2,3,5	54,56,110,112,121,123,130,136,149,162,166,169,173,174,175,177,186,188,195,204,210,211,245
08/E1	I+II	1,2,3,5	10,12,56,121,123,148,149,162,175,186,188,195,210,211,221,305,315
08/E1	I+II	1,2,3,5	54,56,82,112,130,134,136,149,160,162,163,166,170,173,174,175,186,188,192,195,202,211,212,241
02/A2	I+II		3,4,17,102,104,145,160,163,175,176,189,193,196,214,219,294
02/A2	I		4,56,153,160,162,163,173,176,188,189,196,204,219,221,313
02/A2	II		60,85,102,123,137,173,176,188,189,214,216,219,303
02/A2	I+II	1,2,3,5	1,13,98,100,141,156,159,171,172,185,189,192,210,215,290
02/A2	I+II	1,2,3,5	1,52,149,156,158,159,169,172,184,185,192,200,215,217,309
02/A2	I+II	1,2,3,5	56,81,98,119,133,169,172,184,185,210,212,215,299
10/F1	I+II		2,58,60,110,154,164,166,177,179,186,215,216,252,273,274
10/F1	I		58,60,86,94,153,166,167,177,179,215,270,274
10/F1	II		2,56,58,60,120,164,166,177,179,181,186,215,216,294,310
10/F1	I+II	1,2,3,5	54,56,106,150,160,162,173,175,182,211,212,248,269,270
10/F1	I+II	1,2,3,5	54,56,82,90,149,162,163,173,175,211,266,270
10/F1	I+II	1,2,3,5	52,54,56,116,160,162,173,175,177,182,211,212,290,306
07/A1	I+II		46,160,163,173,179,186,188,189,194,199,201,211,221,244
07/A1	I		46,163,186,201,221
07/A1	II		147,155,160,166,173,176,186,192,194,211,244
07/A1	I+II	1,2,3,5	42,156,159,169,175,182,184,185,190,195,197,207,217,240
07/A1	I+II	1,2,3,5	42,159,182,197,217
07/A1	I+II	1,2,3,5	143,151,156,162,169,172,182,188,190,207,240
09/E4	I+II		3,25,60,98,155,168
09/E4	I		3,60,90,129,155,264
09/E4	II		3,4,60,102,136,155,168,181,221
09/E4	I+II	1,2,3,5	21,56,94,164
09/E4	I+II	1,2,3,5	56,86,125,151,260
09/E4	I+II	1,2,3,5	1,56,98,132,151,164,177,217
03/B2	I+II		4,37,55,99,109,114,137,142,150,160,163,173,175,176,186,188,189,201,213,214,219,220
03/B2	I		4,37,114,134,137,147,155,160,162,176,194,201,219
03/B2	II		108,137,150,163,173,175,176,186,188,189,201,214,215,220,224,230
03/B2	I+II	1,2,3,5	1,33,51,95,105,110,133,138,146,156,159,169,171,172,182,184,185,197,209,210,215,216
03/B2	I+II	1,2,3,5	1,33,110,130,133,143,151,156,158,172,190,197,215
03/B2	I+II	1,2,3,5	104,133,146,159,169,171,172,182,184,185,197,210,211,216,220,226
02/B3	I+II		3,58,60,88,90,162,172,222
02/B3	I		60,118,162,189,199,215,220,326
02/B3	II		2,3,58,60,88,95,113,114,137,172,175,189,198,199,220,224,248,251
02/B3	I+II	1,2,3,5	54,56,65,92,138,158,168,218
02/B3	I+II	1,2,3,5	56,114,158,185,195,211,216,322
02/B3	I+II	1,2,3,5	54,56,84,91,109,110,133,155,171,185,194,195,216,220,244,247
09/D1	I+II		3,38,60,98,129,186,311
09/D1	I		4,14,38,55,60,68,176,253,311
09/D1	II		2,60,129,147,179,197,252
09/D1	I+II	1,2,3,5	34,56,94,122,125,182,307
09/D1	I+II	1,2,3,5	1,10,34,51,56,64,172,249,307
09/D1	I+II	1,2,3,5	56,125,143,175,193,248
10/F3	I+II		3,13,60,190,215,217,313
10/F3	I		14,16,17,60,164,313
10/F3	II		33,60,124,148,215
10/F3	I+II	1,2,3,5	56,186,213,309
10/F3	I+II	1,2,3,5	10,12,13,56,160,309
10/F3	I+II	1,2,3,5	29,56,120,144,211
12/G2	I+II		27,60,153,166,173,192,202,215,254,264,292
12/G2	I		40,60,134,147,215,217,272,276
12/G2	II		4,60,129,153,166,192,204,207,215,244
12/G2	I+II	1,2,3,5	23,56,149,162,169,188,198,211,250,260,288
12/G2	I+II	1,2,3,5	36,56,130,143,211,213,268,272
12/G2	I+II	1,2,3,5	1,56,125,149,162,188,200,203,211,240
08/A3	I+II		58,60,118,147,168,172,176,179,181,186,192,194,199,211,215,252,289,306,308
08/A3	I		9,14,60,128,201,215,216,299
08/A3	II		58,60,105,120,147,166,168,179,181,186,192,194,199,204,211,240,248,256,308
08/A3	I+II	1,2,3,5	54,56,114,143,164,168,172,175,177,182,188,190,195,207,211,248,285,302,304
08/A3	I+II	1,2,3,5	5,10,56,124,197,211,212,295
08/A3	I+II	1,2,3,5	54,56,101,116,143,162,164,175,177,182,188,190,195,200,207,236,244,252,304
04/A1	I+II		3,60,78,121,137,149,172,173,175,185,186,197,201,215,219,220,240,251
04/A1	I		40,60,82,86,110,114,172,176,185,188,219,220,221,222,251,268
04/A1	II		26,62,137,147,163,172,173,186,188,197,201,219,221,248
04/A1	I+II	1,2,3,5	56,74,117,133,145,168,169,171,181,182,193,197,211,215,216,236,247
04/A1	I+II	1,2,3,5	36,56,78,82,106,110,168,172,181,184,215,216,217,218,247,264
04/A1	I+II	1,2,3,5	22,58,133,143,159,168,169,182,184,193,197,215,217,244
14/A2	I+II		3,4,56,88,103,116,160,162,175,176,188,199,214,215,216,285
14/A2	I		4,46,136,189,216,217,221
14/A2	II		1,3,58,103,104,108,123,153,160,166,175,176,188,201,204,217,268,285,292,309
14/A2	I+II	1,2,3,5	1,52,56,84,99,112,133,156,158,171,172,184,195,210,211,212,281
14/A2	I+II	1,2,3,5	1,42,132,185,212,213,217
14/A2	I+II	1,2,3,5	54,99,100,104,119,149,156,162,171,172,184,195,197,200,213,264,281,288,305
09/E1	I+II		2,3,4,60,82,134,136,167,215,220
09/E1	I		158,162,173,213,243
09/E1	II		2,3,4,58,60,90,98,134,136,220
09/E1	I+II	1,2,3,5	1,54,56,78,130,132,143,158,163,176,210,211,216
09/E1	I+II	1,2,3,5	154,158,169,209,239
09/E1	I+II	1,2,3,5	1,54,56,86,94,130,132,213,216
06/A4	I+II		46,76,150,163,173,175,176,189,191,199,214,221,222,287
06/A4	I		45,162,163,171,175,176,188,213,214,219,227
06/A4	II		37,163,176,189,219,222,272,279
06/A4	I+II	1,2,3,5	42,72,146,159,169,171,172,185,187,195,210,217,218,283
06/A4	I+II	1,2,3,5	41,158,159,167,171,172,184,209,210,215,223
06/A4	I+II	1,2,3,5	33,159,172,185,215,218,268,275
08/B1	I+II		3,127,129,160,168,173,176,213,219
08/B1	I		56,176,179,201,211,213
08/B1	II		128,134,140,142,155,160,173,176,186,230
08/B1	I+II	1,2,3,5	123,125,156,164,169,172,209,215
08/B1	I+II	1,2,3,5	52,172,175,197,207,209
08/B1	I+II	1,2,3,5	124,130,136,138,151,156,169,172,182,226
02/A1	I+II		2,3,6,60,80,82,103,120,176,201,219,276,286
02/A1	I		2,3,15,114,119,193,250
02/A1	II		2,3,58,60,87,123,124,161,175,176,178,189,200,201,215,216,221
02/A1	I+II	1,2,3,5	2,56,57,76,78,99,116,172,184,197,215,238,272,282
02/A1	I+II	1,2,3,5	9,10,66,74,90,102,110,115,189,246,250,307
02/A1	I+II	1,2,3,5	1,54,56,57,83,119,120,157,171,172,174,185,196,197,211,212,215,217
09/D2	I+II		2,3,60,112,113,137,145,153,160,162,163,171,194,206,215,234
09/D2	I		13,60,80,136,171,197,213,297
09/D2	II		2,3,60,112,137,145,155,160,162,163,206,215,234
09/D2	I+II	1,2,3,5	56,108,109,133,141,149,156,158,159,167,190,202,211,230
09/D2	I+II	1,2,3,5	9,56,76,132,167,193,209,293
09/D2	I+II	1,2,3,5	54,56,108,133,141,151,156,158,159,202,211,230
01/B1	I+II		2,3,4,53,58,83,100,101,122,129,142,143,146,150,155,160,163,166,168,173,175,178,181,186,191,194,199,216,220,221,227,230,265,273
01/B1	I		12,14,19,54,68,85,93,102,129,142,162,165,168,178,189,216,221,230,235,251,265,273
01/B1	II		1,3,4,53,58,117,142,149,152,155,163,168,173,175,178,179,181,186,194,195,199,216,221,223,235,268,310
01/B1	I+II	1,2,3,5	1,49,54,79,96,97,118,125,138,139,142,146,151,156,159,162,164,169,171,174,177,182,187,190,195,212,216,217,223,226,261,269
01/B1	I+II	1,2,3,5	8,10,15,50,64,81,89,98,125,138,158,161,164,174,185,212,217,226,231,247,261,269
01/B1	I+II	1,2,3,5	1,49,54,113,138,145,148,151,159,164,169,171,174,175,177,182,190,191,195,212,217,231,264,306
01/A6	I+II		3,36,60,175,219,220
01/A6	I		14,60,214,220
01/A6	II		60,108,116,137,160,163,173,175,176,188,201,211,219,220,221
01/A6	I+II	1,2,3,5	32,56,171,215,216
01/A6	I+II	1,2,3,5	10,56,210,216
01/A6	I+II	1,2,3,5	56,104,112,133,156,159,169,171,172,184,197,207,215,216,217
11/A2	I+II		1,2,3,58,60,141,153,166,169,182,186,207,242,266
11/A2	I		56,60
11/A2	II		2,3,58,60,116,141,153,156,166,182,186,190,203,217,252,266,269
11/A2	I+II	1,2,3,5	54,56,137,149,162,165,178,182,203,238,262
11/A2	I+II	1,2,3,5	52,56
11/A2	I+II	1,2,3,5	54,56,112,137,149,152,162,178,182,186,199,213,248,262,265
13/B4	I+II		1,2,3,58,60,72,134,161,166,179,186,199,200,215,217
13/B4	I		2,3,14,46,85,160,161,167,173,174,180,186,200,215,302,305,309
13/B4	II		2,3,58,60,134,166,174,179,186,199,216,305
13/B4	I+II	1,2,3,5	49,54,56,68,130,157,162,169,175,182,195,196,211,212,213
13/B4	I+II	1,2,3,5	10,42,81,156,157,163,169,170,176,182,196,211,298,301,305
13/B4	I+II	1,2,3,5	49,54,56,68,162,170,175,182,195,207,212,301
06/I1	I+II		4,69,88,140,160,162,173,176,186,188,213,214,221,244
06/I1	I		1,33,118,160,173,176,188,213,214,215,252
06/I1	II		4,106,151,162,166,173,175,176,186,188,221,244
06/I1	I+II	1,2,3,5	1,65,84,136,156,158,169,172,182,184,209,210,217,240
06/I1	I+II	1,2,3,5	29,114,156,169,172,184,209,210,211,248
06/I1	I+II	1,2,3,5	1,102,147,158,162,169,171,172,182,184,217,240
05/H2	I+II		64,81,86,101,102,106,149,150,163,176,179,189,218,309
05/H2	I		31,81,82,86,89,90,97,149,150,163,166,309,310
05/H2	II		64,102,106,114,149,150,163,176,189,216,239
05/H2	I+II	1,2,3,5	60,77,82,97,98,102,145,146,159,172,175,185,214,305
05/H2	I+II	1,2,3,5	27,77,78,82,85,86,93,145,146,159,162,305,306
05/H2	I+II	1,2,3,5	60,98,102,110,145,146,159,172,185,212,235
06/H1	I+II		4,137,149,150,163,173,175,176,186,188,214,221,223,251,258,264,276,308
06/H1	I		4,110,149,163,173,175,186,188,219,232,238,264,275
06/H1	II		47,86,127,136,137,150,160,162,165,173,175,176,180,186,188,210,214,219,221,252,276,306
06/H1	I+II	1,2,3,5	1,133,145,146,159,169,171,172,182,184,210,217,219,247,254,260,272,304
06/H1	I+II	1,2,3,5	1,106,145,159,169,171,182,184,215,228,234,260,271
06/H1	I+II	1,2,3,5	43,82,123,132,133,146,156,158,161,169,171,172,176,182,184,206,210,215,217,248,272,302
06/F3	I+II		52,151,160,173,175,184,186,188,214,219,221,222
06/F3	I		147,158,160,162,171,173,186
06/F3	II		30,173,175,187,188,214,219,221,222
06/F3	I+II	1,2,3,5	48,147,156,169,171,180,182,184,210,215,217,218
06/F3	I+II	1,2,3,5	143,154,156,158,167,169,182
06/F3	I+II	1,2,3,5	26,169,171,183,184,210,215,217,218
03/B1	I+II		1,45,73,103,162,163,173,176,186,189,214,220,221,291
03/B1	I		4,69,137,160,162,163,173,175,176,179,188,189,201,211,214,220,221,295
03/B1	II		118,158,162,163,173,175,176,186,189,214,220,300
03/B1	I+II	1,2,3,5	41,69,99,158,159,169,172,182,185,210,216,217,287
03/B1	I+II	1,2,3,5	1,65,133,156,158,159,169,171,172,175,184,185,197,207,210,216,217,291
03/B1	I+II	1,2,3,5	114,154,158,159,169,171,172,182,185,210,216,296
12/A1	I+II		2,3,56,58,60,113,151,153,160,169,178,179,182,186,190,195,202,215,270
12/A1	I		2,3,16,56,65,124,140,153,166,169,190,195,202,207,215,216,229,234
12/A1	II		2,3,4,56,58,60,125,151,153,160,169,173,190,200,215,270
12/A1	I+II	1,2,3,5	52,54,56,109,147,149,156,165,174,175,178,182,186,191,198,211,266
12/A1	I+II	1,2,3,5	12,52,61,120,136,149,162,165,186,191,198,203,211,212,225,230
12/A1	I+II	1,2,3,5	1,54,56,121,147,149,156,165,169,186,196,211,266
07/D1	I+II		1,2,85,96,102,120,137,153,162,163,168,175,176,180,185,188,189,201,215,216,219,220,221,222,240,264,303,306
07/D1	I		25,77,127,150,162,166,176,186,188,189,220,222,227,240
07/D1	II		1,2,96,102,117,128,136,137,162,163,168,175,176,179,188,216,217,219,220,221,222,240,297
07/D1	I+II	1,2,3,5	81,92,98,116,149,158,159,164,171,172,176,181,184,185,197,211,212,215,216,217,218,236,260,299,302
07/D1	I+II	1,2,3,5	21,73,123,146,158,162,172,182,184,185,216,218,223,236
07/D1	I+II	1,2,3,5	92,98,113,124,132,133,158,159,164,171,172,175,184,212,213,215,216,217,218,236,293
06/F1	I+II		2,3,76,90,117,160,163,168,173,175,176,188,189,199,201,218,219,221,252,264,283
06/F1	I		2,3,14,120,124,128,141,173,174,175,176,186,188,189,197,218,219,221,228,252,282
06/F1	II		2,3,60,117,122,160,162,168,173,175,176,186,189,194,201,211,213,218,219,221,264,304
06/F1	I+II	1,2,3,5	55,72,74,113,156,159,164,169,171,172,184,185,195,197,214,215,217,248,260,277
06/F1	I+II	1,2,3,5	10,116,124,137,169,170,171,172,184,185,193,214,217,248,278
06/F1	I+II	1,2,3,5	56,113,156,164,169,171,172,182,185,190,197,209,214,215,217,260,300
10/A1	I+II		1,2,3,4,58,60,85,88,96,114,127,153,160,166,168,173,177,179,181,190,191,192,202,206,215,216,219,230,248,300,305
10/A1	I		2,3,58,60,153,155,166,173,177,178,182,190,215,230,276,302,307
10/A1	II		1,2,3,4,58,60,88,96,110,164,166,168,173,179,181,186,190,191,192,204,206,215,216,224,264,307
10/A1	I+II	1,2,3,5	1,54,56,81,84,92,110,123,149,156,161,162,164,169,173,175,177,186,187,188,191,198,202,211,212,215,226,244,296,301
10/A1	I+II	1,2,3,5	54,56,149,151,162,169,173,174,175,178,186,211,226,272,298,300,303
10/A1	I+II	1,2,3,5	1,54,56,84,92,106,160,162,164,169,175,177,182,186,187,188,200,202,211,212,220,260,303
07/F1	I+II		3,11,38,60,127,180,181,192,221
07/F1	I		27,60,127,133,166,201
07/F1	II		3,38,55,60,181,192,221
07/F1	I+II	1,2,3,5	7,34,56,123,176,177,188,217
07/F1	I+II	1,2,3,5	23,56,123,129,162,197
07/F1	I+II	1,2,3,5	34,51,56,177,188,217
05/B1	I+II		2,3,60,69,80,104,113,122,123,128,134,136,147,148,160,162,173,175,176,180,186,188,189,218,219,220,221,243,244,253,263,270,298
05/B1	I		33,80,104,136,149,173,174,175,186,188,221,251
05/B1	II		3,39,60,69,80,90,120,136,147,163,167,173,175,176,179,186,188,218,219,220,221,244,263,308
05/B1	I+II	1,2,3,5	56,65,76,100,109,118,119,124,130,132,143,144,156,159,169,171,172,176,182,184,209,214,215,216,217,239,240,249,259,266,294
05/B1	I+II	1,2,3,5	29,76,100,132,145,169,170,171,182,184,217,247
05/B1	I+II	1,2,3,5	35,56,65,76,86,116,132,143,159,163,169,171,172,175,182,184,214,215,216,217,240,259,304
12/B1	I+II		3,6,58,60,151,166,264
12/B1	I		60,153,179,192,260,264,276
12/B1	II		3,58,60,151,192,202,228
12/B1	I+II	1,2,3,5	2,54,56,147,162,260
12/B1	I+II	1,2,3,5	56,149,175,188,256,260,272
12/B1	I+II	1,2,3,5	54,56,147,188,198,224
09/C1	I+II		29,60,90,155,167,214
09/C1	I		58,60,142,181,214
09/C1	II		3,58,60,114,155,211,214,217
09/C1	I+II	1,2,3,5	25,56,86,151,163,210
09/C1	I+II	1,2,3,5	54,56,138,177,210
09/C1	I+II	1,2,3,5	36,51,56,110,143,151,213
05/D1	I+II		2,3,4,10,13,60,62,78,106,119,135,150,163,182,189,195,214,216,219
05/D1	I		4,56,62,98,124,161,169,195,214,216
05/D1	II		2,3,4,53,58,60,114,123,154,163,176,189,219
05/D1	I+II	1,2,3,5	1,6,9,56,58,74,102,115,131,146,159,178,185,191,210,212,215
05/D1	I+II	1,2,3,5	1,52,58,94,120,157,165,191,210,212
05/D1	I+II	1,2,3,5	1,49,54,56,110,119,150,159,172,185,215
14/A1	I+II		2,48,60,78,120,122,138,152,153,154,165,166,173,177,188,191,228,232,274,276,291
14/A1	I		14,16,56,60,114,153,165,178,224,228,229,237,252,340
14/A1	II		2,4,60,118,120,129,152,153,154,164,166,173,191,201,204,213,230,232,252,274,291
14/A1	I+II	1,2,3,5	44,56,116,118,120,134,148,149,150,161,162,169,173,184,187,224,228,260,270,272,287
14/A1	I+II	1,2,3,5	10,12,52,56,110,149,161,174,220,224,225,233,248,336
14/A1	I+II	1,2,3,5	1,56,114,116,125,148,149,150,160,162,169,187,197,200,209,226,228,248,270,287
10/N1	I+II		2,3,6,68,118,136,160,164,165,166,173,192,206,217,226,246,304
10/N1	I		2,3,56,85,173,206,233,252,304
10/N1	II		35,60,76,136,153,165,166,173,177,186,194,195,215,217,226,276,278
10/N1	I+II	1,2,3,5	2,56,64,114,132,156,160,161,162,169,173,188,202,213,222,242,300
10/N1	I+II	1,2,3,5	52,54,81,169,202,229,248,300
10/N1	I+II	1,2,3,5	31,56,72,132,149,161,162,169,173,182,190,191,211,213,222,272,274
10/D2	I+II		2,3,58,60,122,142,153,155,165,166,186,192,195,215,219,242,244,268
10/D2	I		14,60,155,182,250,256
10/D2	II		2,3,60,122,125,139,153,178,179,186,192,200,215,217,219,242,268
10/D2	I+II	1,2,3,5	54,56,118,138,151,161,162,182,188,191,211,215,238,240,264
10/D2	I+II	1,2,3,5	10,56,151,178,246,252
10/D2	I+II	1,2,3,5	56,118,121,135,149,174,175,182,188,196,211,213,215,238,264
08/E2	I+II		1,2,3,58,60,73,101,152,165,177,179,187,191,192,204,214,215,216,230,315
08/E2	I		14,56,60,151,153,165,178,191,214,215,229,230,266,278,292,306,315
08/E2	II		1,3,58,60,73,101,165,179,187,190,191,192,204,214,215,216,300,308
08/E2	I+II	1,2,3,5	1,54,56,69,97,148,161,173,175,183,187,188,200,210,211,212,226,311
08/E2	I+II	1,2,3,5	10,52,56,147,149,161,174,187,210,211,225,226,262,274,288,302,311
08/E2	I+II	1,2,3,5	54,56,69,97,161,175,183,186,187,188,200,210,211,212,296,304
06/F2	I+II		2,83,101,160,173,175,188,189,201,214,219,221,263,301
06/F2	I		176,188,201,213,219,295,309
06/F2	II		2,3,83,101,160,163,173,175,188,189,201,219
06/F2	I+II	1,2,3,5	79,97,156,169,171,184,185,197,215,217,259,297
06/F2	I+II	1,2,3,5	172,184,197,209,215,291,305
06/F2	I+II	1,2,3,5	79,97,156,159,169,171,184,185,197,215
04/A2	I+II		2,3,58,60,136,146,147,150,173,175,186,199,219,221,274,289,291
04/A2	I		31,60,163,173,188,267
04/A2	II		60,89,102,110,137,139,150,160,162,173,186,188,189,216,217,218,221,239,286
04/A2	I+II	1,2,3,5	2,54,56,132,142,143,146,169,171,182,195,212,215,217,270,285,287
04/A2	I+II	1,2,3,5	27,56,159,169,184,263
04/A2	I+II	1,2,3,5	56,85,98,106,133,135,146,156,158,169,182,184,185,212,213,214,217,235,282
03/D1	I+II		2,3,13,60,122,160,163,173,175,189,216,251
03/D1	I		2,3,33,60,159,163,186,201,209,213,296
03/D1	II		1,2,3,53,58,60,87,92,134,160,163,173,188,189,216
03/D1	I+II	1,2,3,5	9,56,118,156,159,169,171,185,212,247
03/D1	I+II	1,2,3,5	29,56,155,159,182,197,205,209,292
03/D1	I+II	1,2,3,5	49,54,56,83,118,130,156,159,169,184,185,212
08/B3	I+II		3,7,53,60,74,103,105,106,155,160,163,168,173,175,181,186,188,194,199,214,216,248
08/B3	I		53,83,90,105,129,139,150,155,160,168,173,181,186,188,194,206,214,228
08/B3	II		7,60,89,103,168,173,175,186,194,213,216,219
08/B3	I+II	1,2,3,5	3,49,56,70,99,101,102,151,156,159,164,169,171,177,182,184,190,195,210,212,244
08/B3	I+II	1,2,3,5	49,79,86,101,125,135,146,151,156,164,169,177,182,184,190,202,210,224
08/B3	I+II	1,2,3,5	3,56,85,99,164,169,171,182,190,209,212,215
10/G1	I+II		2,3,7,53,58,60,111,144,173,175,186,204,260
10/G1	I		2,3,56,58,60,143,165,166,169,216,236,247
10/G1	II		3,58,60,144,160,162,166,186,260,290
10/G1	I+II	1,2,3,5	3,49,54,56,107,140,158,169,175,182,256
10/G1	I+II	1,2,3,5	52,54,56,139,161,162,191,212,232,243
10/G1	I+II	1,2,3,5	54,56,140,156,158,162,256,286
06/D5	I+II		2,34,81,150,155,160,173,176,188,199,201,219,220,221,229,264
06/D5	I		13,65,173,214,249,309
06/D5	II		140,150,173,176,188,199,201,219,222,264
06/D5	I+II	1,2,3,5	30,77,146,151,156,169,172,184,195,197,215,216,217,225,260
06/D5	I+II	1,2,3,5	9,61,169,210,245,305
06/D5	I+II	1,2,3,5	136,146,169,172,184,195,197,215,218,260
06/G1	I+II		3,61,66,91,108,113,124,136,137,147,150,162,172,173,175,176,188,189,197,199,201,211,214,216,219,220,221,230,244,247,276
06/G1	I		1,3,4,66,77,91,106,113,124,127,129,134,136,137,150,163,173,175,186,201,211,214,221,222,244,247,276,339
06/G1	II		82,108,124,137,147,149,150,162,172,173,175,176,186,188,189,199,211,213,214,219,221,222,230,243,251,264
06/G1	I+II	1,2,3,5	57,62,87,104,109,120,130,132,133,143,146,158,168,169,171,172,184,185,193,197,207,210,212,215,216,217,226,240,243,272
06/G1	I+II	1,2,3,5	1,56,57,62,73,87,90,109,120,123,125,130,132,133,143,146,149,159,169,171,172,182,197,207,210,215,217,218,240,243,272,335
06/G1	I+II	1,2,3,5	78,104,120,133,143,145,146,158,168,169,171,172,182,184,185,195,207,209,210,215,217,218,226,239,247,260
07/E1	I+II		2,3,53,58,60,70,84,106,110,116,137,150,162,173,176,186,189,192,266,302,313
07/E1	I		2,9,60,68,70,102,110,121,149,173,176,188,189,219,294,313
07/E1	II		3,48,60,104,160,173,176,192
07/E1	I+II	1,2,3,5	49,54,56,66,80,102,106,112,133,146,158,169,172,182,185,188,262,298,309
07/E1	I+II	1,2,3,5	5,56,64,66,98,106,117,145,169,172,184,185,215,290,309
07/E1	I+II	1,2,3,5	54,56,100,106,156,158,169,172,188,200,207,216
07/B2	I+II		2,3,60,94,98,109,121,124,134,160,162,173,175,176,181,189,220,221,222
07/B2	I		3,13,84,106,114,176,181,219,220,222,298
07/B2	II		2,3,37,60,94,98,105,121,124,149,160,162,173,175,188,212,220,221,305
07/B2	I+II	1,2,3,5	56,90,94,101,117,120,130,156,158,169,171,172,177,185,216,217,218
07/B2	I+II	1,2,3,5	9,80,102,110,172,177,215,216,218,294
07/B2	I+II	1,2,3,5	33,56,90,94,101,117,120,145,156,158,169,171,184,208,216,217,301
09/E2	I+II		3,60,136,142,150,168,181
09/E2	I		3,29,60,168,181,214
09/E2	II		3,60,129,137,142,150,155,168,213
09/E2	I+II	1,2,3,5	56,132,138,146,164,177
09/E2	I+II	1,2,3,5	9,56,164,177,190,210,212
09/E2	I+II	1,2,3,5	29,56,125,133,138,146,151,164,209
10/D3	I+II		1,3,58,60,127,134,179,211,215,216,292,298
10/D3	I		14,56,60,160,215,216,217
10/D3	II		1,3,58,60,112,120,127,134,140,214,215,229
10/D3	I+II	1,2,3,5	54,56,123,130,175,207,211,212,288,294
10/D3	I+II	1,2,3,5	10,52,56,156,211,212,213
10/D3	I+II	1,2,3,5	54,56,108,116,123,130,136,210,211,225
08/B2	I+II		4,10,56,60,61,103,125,173,186,192,199,201,216,217,219,297,305
08/B2	I		14,56,128,175,188,218
08/B2	II		4,60,103,138,163,173,181,186,188,216,217,218,219,297
08/B2	I+II	1,2,3,5	1,6,52,56,57,99,121,169,182,188,195,197,212,213,215,293,301
08/B2	I+II	1,2,3,5	10,52,124,171,184,214
08/B2	I+II	1,2,3,5	1,56,99,134,159,169,177,182,184,212,213,214,215,293
13/A3	I+II		56,58,71,107,150,151,175,177,188,215,221,246,298,302
13/A3	I		27,164,177,188,219,230,293
13/A3	II		4,58,71,107,150,162,164,175,201,215,221,264,272,298,302,308
13/A3	I+II	1,2,3,5	52,54,67,103,146,147,171,173,184,211,217,242,294,298
13/A3	I+II	1,2,3,5	23,160,173,184,215,226,289
13/A3	I+II	1,2,3,5	1,54,67,103,146,158,160,171,197,211,217,260,268,294,298,304
06/D1	I+II		3,59,60,94,136,137,147,149,163,166,173,175,176,186,188,189,214,221,251,256
06/D1	I		4,16,55,136,137,150,163,173,186,189,204,214,219,221,222,243,255
06/D1	II		3,59,60,123,137,147,149,163,173,175,176,186,188,189,221,259,264,295
06/D1	I+II	1,2,3,5	55,56,90,132,133,143,145,159,162,169,171,172,182,184,185,210,217,247,252
06/D1	I+II	1,2,3,5	1,12,51,132,133,146,159,169,182,185,200,210,215,217,218,239,251
06/D1	I+II	1,2,3,5	55,56,119,133,143,145,159,169,171,172,182,184,185,217,255,260,291
12/C2	I+II		2,56,60,147,156,160,204,212
12/C2	I		27,45,156,214,295
12/C2	II		2,60,147
12/C2	I+II	1,2,3,5	52,56,143,152,156,200,203,208
12/C2	I+II	1,2,3,5	23,41,152,210,291
12/C2	I+II	1,2,3,5	30,56,143
11/A1	I+II		2,3,60,124,140,151,155,164,166,179,192,195,203,204,225
11/A1	I		14,29,60,67,140,153,177,192,249,272
11/A1	II		2,3,60,139,151,155,166,179,192,195,203,204
11/A1	I+II	1,2,3,5	54,56,91,120,123,136,147,151,160,162,175,188,191,199,200,221
11/A1	I+II	1,2,3,5	10,25,56,63,136,149,173,188,245,268
11/A1	I+II	1,2,3,5	56,135,147,151,162,175,188,191,199,200
09/A1	I+II		2,3,48,60,101,110,142,160,162,168,173,175,181,186,188,194,199,206,215,218,219,220
09/A1	I		60,101,110,129,145,160,162,168,173,181,186,194,199,206,209,219,290,305,308
09/A1	II		2,3,48,155,163,168,173,174,175,186,188,194,219,220,224,296
09/A1	I+II	1,2,3,5	44,56,97,106,138,156,158,164,169,171,177,182,184,190,195,202,211,215,216
09/A1	I+II	1,2,3,5	56,97,106,125,141,156,158,164,169,177,182,190,195,202,205,215,286,301,304
09/A1	I+II	1,2,3,5	44,56,151,159,164,169,170,171,182,184,190,195,215,216,220,292
11/A5	I+II		2,4,58,60,115,122,140,160,180,192,206,272,273
11/A5	I		2,58,60,174,268
11/A5	II		4,58,60,104,110,112,140,160,165,186,202,273,278
11/A5	I+II	1,2,3,5	1,54,56,111,118,136,156,176,188,202,268,269
11/A5	I+II	1,2,3,5	54,56,170,264
11/A5	I+II	1,2,3,5	1,54,56,100,106,108,136,156,161,182,198,269,274
13/D3	I+II		2,3,12,53,60,65,115,143,149,153,164,166,173,175,176,192,204,229,240,306
13/D3	I		60,129,142,153,166,204,264,306
13/D3	II		60,87,166,220,229
13/D3	I+II	1,2,3,5	8,49,56,61,111,145,149,160,162,169,171,172,188,225,236,302
13/D3	I+II	1,2,3,5	56,125,138,149,162,200,260,302
13/D3	I+II	1,2,3,5	56,83,162,216,225
12/H2	I+II		56,60,127,155,168,181
12/H2	I		56,129,155,168,308
12/H2	II		31,60,127,181,216
12/H2	I+II	1,2,3,5	52,56,123,151,164,177
12/H2	I+II	1,2,3,5	52,125,151,164,304
12/H2	I+II	1,2,3,5	27,56,123,177,212
10/E1	I+II		2,3,60,79,104,116,154,159,165,166,173,179
10/E1	I		27,33,60,183,196
10/E1	II		2,3,60,79,116,124,165,166,179,186,204,219
10/E1	I+II	1,2,3,5	54,56,75,100,112,150,155,161,162,169,175,200
10/E1	I+II	1,2,3,5	23,29,56,179,192
10/E1	I+II	1,2,3,5	56,75,112,120,161,175,182,200,215
10/F2	I+II		2,3,58,60,138,153,165,172,177,179,192,203,215,216
10/F2	I		14,37
10/F2	II		2,3,4,58,60,153,165,166,172,173,177,215,217
10/F2	I+II	1,2,3,5	54,56,134,149,161,168,173,175,188,199,211,212
10/F2	I+II	1,2,3,5	10,33
10/F2	I+II	1,2,3,5	1,54,56,160,162,168,169,211
12/C1	I+II		3,4,58,60,77,102,104,112,140,147,153,156,160,164,166,173,174,179,186,192,199,216,217,248
12/C1	I		1,4,14,27,134,140,166,178,186,215
12/C1	II		3,4,58,60,76,77,104,127,134,142,153,160,166,173,174,179,186,192,199,202,215,216
12/C1	I+II	1,2,3,5	1,54,56,73,98,100,108,136,143,149,152,156,160,162,169,170,175,182,188,195,212,213,244
12/C1	I+II	1,2,3,5	1,10,23,130,136,162,174,182,186,211
12/C1	I+II	1,2,3,5	1,54,56,72,73,100,123,130,138,149,156,162,169,170,175,182,188,195,198,211,212
12/D1	I+II		2,4,58,60,111,173,177,178,192,202,264
12/D1	I		2,4,13,31,60,169,177,192,215,216,275
12/D1	II		2,4,58,60,116,165,173,192,202,223,226,264
12/D1	I+II	1,2,3,5	1,54,56,64,107,169,173,174,188,198,260
12/D1	I+II	1,2,3,5	1,9,27,56,165,173,188,211,212,271
12/D1	I+II	1,2,3,5	1,54,56,112,161,169,188,198,219,222,260
12/H1	I+II		1,2,56,125,159,264,272,280
12/H1	I		7,27,135,295
12/H1	II		1,2,56,272
12/H1	I+II	1,2,3,5	9,23,52,121,155,260,268,276
12/H1	I+II	1,2,3,5	3,23,131,291
12/H1	I+II	1,2,3,5	52,56,268
08/A1	I+II		2,3,4,60,88,119,162,173,176,216,218,219,221,289,305
08/A1	I		2,3,4,14,56,60,175,186,217,221,305
08/A1	II		3,4,60,117,120,163,173,179,188,216,218,219,221,297
08/A1	I+II	1,2,3,5	1,9,56,84,115,118,158,169,172,212,214,215,217,285,301
08/A1	I+II	1,2,3,5	1,10,52,56,171,182,213,217,301
08/A1	I+II	1,2,3,5	1,56,113,116,159,169,175,184,212,214,215,217,293
09/E3	I+II		2,3,58,60,149,155,168,176,194,219,263
09/E3	I		3,17,25,60,149,155,168,175,176,177,181,216,263
09/E3	II		3,58,60,76,155,168,194,199,216,219
09/E3	I+II	1,2,3,5	54,56,151,164,172,215,259,292
09/E3	I+II	1,2,3,5	13,21,56,145,151,164,171,172,173,177,212,259
09/E3	I+II	1,2,3,5	54,56,72,151,164,190,197,212,215
07/F2	I+II		3,60,113,136,140,147,162,165,166,173,186,199,302,311
07/F2	I		14,39,81,100,140,152,159,173,227
07/F2	II		3,4,128,153,162,166,173,188,194,211,214
07/F2	I+II	1,2,3,5	56,73,109,129,132,136,143,158,161,162,169,174,182,195,207,298,307
07/F2	I+II	1,2,3,5	10,35,77,96,136,148,155,169,223
07/F2	I+II	1,2,3,5	1,56,124,145,149,161,162,169,184,190,197,207,210
12/E3	I+II		60,66,127,138,151,153,173,179,192,215,252,264,268,294
12/E3	I		56,60,127,140,152,179,192,226,268
12/E3	II		58,151,164,166,192,202,215,252,260,264,268
12/E3	I+II	1,2,3,5	56,62,123,134,147,149,169,175,188,211,248,260,264,290
12/E3	I+II	1,2,3,5	52,56,123,136,148,175,188,222,264
12/E3	I+II	1,2,3,5	54,147,160,162,188,198,211,248,256,260,264
13/B5	I+II		39,136,141,153,160,168,174,176,181,187,189,192,194,202,306
13/B5	I		56,141,192
13/B5	II		13,45,136,138,160,168,176,188,189,202,214,279,306
13/B5	I+II	1,2,3,5	35,132,137,149,156,164,170,172,177,183,185,188,190,198,302
13/B5	I+II	1,2,3,5	52,137,188
13/B5	I+II	1,2,3,5	9,41,132,134,156,164,172,184,185,198,210,275,302
12/D2	I+II		29,36,60,122,140,156,160,178,192,202,204,207,244,264,281,283
12/D2	I		60,134,178,236,240
12/D2	II		58,60,84,124,140,156,160,166,207,215,280,283,289,295,308
12/D2	I+II	1,2,3,5	25,32,56,118,136,152,156,174,188,198,200,203,240,260,277,279
12/D2	I+II	1,2,3,5	56,130,174,232,236
12/D2	I+II	1,2,3,5	54,56,80,120,136,152,156,162,203,211,276,279,285,291,304
12/G1	I+II		3,4,56,60,78,166,178,179,192,202,207,224,232
12/G1	I		33,56,125,130,138,143,151,169,182
12/G1	II		4,41,60,78,166,192,224,232
12/G1	I+II	1,2,3,5	1,52,56,74,162,174,175,188,198,203,220,228
12/G1	I+II	1,2,3,5	29,52,121,126,134,139,147,165,178
12/G1	I+II	1,2,3,5	1,37,56,74,162,188,220,228
05/H1	I+II		1,2,3,13,73,77,90,119,126,137,160,163,176,186,188,189,216,221
05/H1	I		4,25,90,101,124,160,163,189,215,216,303
05/H1	II		1,2,137,171,176,186,188,189,199,219,221,264
05/H1	I+II	1,2,3,5	9,69,73,86,115,122,133,156,159,172,182,184,185,212,217
05/H1	I+II	1,2,3,5	1,21,86,97,120,156,159,185,211,212,299
05/H1	I+II	1,2,3,5	23,133,156,167,172,182,184,185,195,215,217,260
06/D2	I+II		33,60,94,106,114,132,150,154,160,173,176,186,188,189,199,201,211,214,216,219,221,252,257,267
06/D2	I		58,82,88,102,106,114,145,149,150,160,162,173,176,186,199,213,221,222,223,267
06/D2	II		60,78,106,148,160,166,173,176,186,188,189,199,201,211,214,216,219,221,222,231,252
06/D2	I+II	1,2,3,5	29,56,90,102,110,128,146,150,156,169,172,182,184,185,195,197,207,210,212,215,217,248,253,263
06/D2	I+II	1,2,3,5	54,78,84,98,102,110,141,145,146,156,158,169,172,182,195,209,217,218,219,263
06/D2	I+II	1,2,3,5	56,74,102,144,156,162,169,172,182,184,185,195,197,207,210,212,215,217,218,227,248
06/B1	I+II		1,2,3,4,54,58,60,78,86,101,106,107,108,113,119,134,137,147,149,150,163,175,176,188,189,211,214,219,221,222,223,239,267,268,271,302,304
06/B1	I		43,74,90,101,113,116,120,121,123,149,163,173,176,186,188,189,219,221,243,275
06/B1	II		1,3,4,58,60,86,106,107,108,124,125,134,137,150,175,176,179,188,189,199,211,213,214,219,220,221,222,237,239,256,267,270,271,276,302,309
06/B1	I+II	1,2,3,5	1,52,54,56,74,82,97,102,103,104,109,115,130,133,143,145,146,159,171,172,184,185,207,210,215,217,218,219,235,263,264,267,298,300
06/B1	I+II	1,2,3,5	39,70,86,97,109,112,116,117,119,145,159,169,172,182,184,185,215,217,239,271
06/B1	I+II	1,2,3,5	1,54,56,82,102,103,104,120,121,130,133,146,171,172,175,184,185,195,207,209,210,215,216,217,218,233,235,252,263,266,267,272,298,305
06/M2	I+II		46,60,102,119,120,162,163,167,173,175,176,181,186,188,189,193,201,210,218,219,221,228,267
06/M2	I		4,14,31,66,89,97,110,123,159,162,163,173,175,186,189,210,213,216,218,219,221
06/M2	II		3,46,60,120,149,162,168,173,175,176,180,186,188,193,201,219,221,275
06/M2	I+II	1,2,3,5	42,56,98,115,116,158,159,163,169,171,172,177,182,184,185,189,197,206,214,215,217,224,263
06/M2	I+II	1,2,3,5	1,10,27,62,85,93,106,119,155,158,159,169,171,182,185,206,209,212,214,215,217
06/M2	I+II	1,2,3,5	42,116,145,158,164,169,171,172,176,182,184,215
06/E3	I+II		55,137,176,188,189,201,202,204,211
06/E3	I		2,3,14,55,60,137,147,160,186
06/E3	II		47,137,162,165,173,176,179,186,188,189,191,201,204,221,244,252
06/E3	I+II	1,2,3,5	51,133,172,184,185,197,198,200,207
06/E3	I+II	1,2,3,5	10,51,56,133,143,156,182
06/E3	I+II	1,2,3,5	43,133,158,161,169,172,175,182,184,185,187,197,200,217,240,248
11/A4	I+II		3,58,60,64,66,92,153,173,179,186,192,194,216,228,268
11/A4	I		2,3,14,47,48,60,152,153,179,215,228,252,264
11/A4	II		58,60,66,74,84,123,139,140,155,166,179,186,199,204,231
11/A4	I+II	1,2,3,5	54,56,60,62,88,149,169,175,182,188,190,224,264
11/A4	I+II	1,2,3,5	54,56,149,211,248,260
11/A4	I+II	1,2,3,5	54,56,62,70,80,119,135,136,151,162,175,182,195,200,227
06/L1	I+II		56,76,126,160,162,163,166,176,188,219,220,221,223,255
06/L1	I		34,136,163,173,186,199,201,215,216,217,219,221
06/L1	II		68,160,162,163,165,166,175,179,186,188,199,221,223,227,232,280
06/L1	I+II	1,2,3,5	52,72,122,156,158,159,162,172,184,215,216,217,219,251
06/L1	I+II	1,2,3,5	30,132,159,169,182,195,197,211,212,213,215,217
06/L1	I+II	1,2,3,5	64,156,158,159,161,162,171,175,182,184,195,217,219,223,228,276
14/B1	I+II		2,3,58,60,165,179,190,195,214,215,224,238,256,264
14/B1	I		14,56,156,182,190,195,214,215,229
14/B1	II		2,3,58,60,124,153,190,214,215,224,228,238,256,264
14/B1	I+II	1,2,3,5	49,56,161,175,186,191,200,210,211,220,234,252,260,270
14/B1	I+II	1,2,3,5	10,52,152,178,186,191,210,211,225
14/B1	I+II	1,2,3,5	54,56,120,182,186,200,210,211,220,224,234,252,260,270
07/B1	I+II		1,2,3,4,58,60,101,102,113,142,173,175,186,188,192,204,213,216,219,221,268,289,296
07/B1	I		13,55,60,81,175,219,221
07/B1	II		3,4,58,60,61,101,129,153,160,173,175,179,188,192,211,213,216,219
07/B1	I+II	1,2,3,5	1,54,56,97,98,109,138,169,171,182,184,188,200,209,212,215,217,264,285,292
07/B1	I+II	1,2,3,5	9,51,56,77,171,215,217
07/B1	I+II	1,2,3,5	1,54,56,57,97,125,149,156,169,171,175,184,188,207,209,212,215
07/C1	I+II		2,3,13,37,60,129,142,145,147,160,170,181,186,188,213,218,221
07/C1	I		13,37,60,141,174
07/C1	II		3,36,60,82,84,129,140,142,149,157,175,186,213
07/C1	I+II	1,2,3,5	9,33,56,125,138,141,143,156,166,177,182,184,209,214
07/C1	I+II	1,2,3,5	9,33,56,137,170
07/C1	I+II	1,2,3,5	32,56,78,80,88,125,136,138,145,153,158,171,182,209
10/D1	I+II		2,3,58,60,117,118,122,164,190,191,199,204,215,299,306,310
10/D1	I		56,60,173,199,204,214,295
10/D1	II		2,3,58,60,117,118,120,122,147,164,190,191,192,204,215,301,302,310
10/D1	I+II	1,2,3,5	54,56,113,114,118,160,186,187,195,200,211,295,302,306
10/D1	I+II	1,2,3,5	52,56,169,195,200,210,291
10/D1	I+II	1,2,3,5	54,56,113,114,116,118,143,160,186,187,188,200,211,297,298,306
09/A3	I+II		2,3,58,60,129,155,173,181,213,289
09/A3	I		2,3,14,16,27,60,88,216,217
09/A3	II		1,2,3,58,60,129,134,155,165,168,181,186,189,194,213,216,219,220,289
09/A3	I+II	1,2,3,5	54,56,125,151,156,164,171,177,216,285
09/A3	I+II	1,2,3,5	10,12,23,56,84,212,213
09/A3	I+II	1,2,3,5	54,56,125,130,151,161,164,177,182,185,190,209,212,215,216,285
07/G1	I+II		1,3,4,60,127,140,141,149,154,160,162,172,173,175,181,186,188,189,194,211,213,219,221,222,235,301
07/G1	I		4,60,137,160,175,186,188,213,215,216,221
07/G1	II		2,60,76,116,127,140,149,173,175,176,179,186,188,189,194,211,213,219,221,222,297,299
07/G1	I+II	1,2,3,5	1,56,123,124,136,145,156,158,168,171,177,182,184,185,190,207,209,215,217,218,231,297
07/G1	I+II	1,2,3,5	1,56,133,156,171,182,184,209,211,212,217
07/G1	I+II	1,2,3,5	56,72,112,123,136,145,169,171,172,175,182,184,185,190,207,209,215,217,218,293,295
10/I1	I+II		2,60,94,140,152,153,178,181,244,268,302
10/I1	I		27,157,181,228,248,256
10/I1	II		58,60,140,152,153,172,179,186,203,244
10/I1	I+II	1,2,3,5	56,90,136,148,149,174,177,188,240,264,298
10/I1	I+II	1,2,3,5	23,153,177,224,244,252
10/I1	I+II	1,2,3,5	54,56,136,148,149,168,175,182,199,240
10/M2	I+II		27,36,142,153,154,164,167,186,227
10/M2	I		27,30,168,221,227
10/M2	II		27,60,127,140,153,154,167,192,204
10/M2	I+II	1,2,3,5	23,32,138,149,150,160,163,182,223
10/M2	I+II	1,2,3,5	23,26,164,217,223
10/M2	I+II	1,2,3,5	23,56,123,136,149,150,163,188,200
13/D4	I+II		58,110,137,164,173,175,215,216,217,224,230,310
13/D4	I		7,56,215,216,218,224,230
13/D4	II		58,60,110,114,137,147,175,176,201,217,307
13/D4	I+II	1,2,3,5	54,106,133,160,169,171,211,212,213,220,226,306
13/D4	I+II	1,2,3,5	3,52,211,212,214,220,226
13/D4	I+II	1,2,3,5	54,56,106,110,133,143,171,172,197,213,303
09/F2	I+II		1,2,3,4,58,60,105,142,160,168,173,181,186,199,215,218,263,280,289,296,319
09/F2	I		1,2,3,14,41,42,60,113,135,150,175,181,186,188,189,221,280,291,319,331
09/F2	II		1,3,4,58,60,81,142,163,164,168,173,181,186,194,214,218,296
09/F2	I+II	1,2,3,5	1,54,56,101,138,156,164,169,177,182,188,195,211,214,259,276,285,292,315
09/F2	I+II	1,2,3,5	10,37,38,56,109,131,146,171,177,182,184,185,195,217,276,287,315,327
09/F2	I+II	1,2,3,5	1,54,56,77,138,159,160,164,169,177,182,190,210,214,292
09/F1	I+II		3,12,60,70,77,104,142,168,169,173,186,199,221
09/F1	I		27,60,77,104,112,186,310
09/F1	II		3,12,60,66,78,142,168,173,186,199,221,229
09/F1	I+II	1,2,3,5	8,30,56,100,138,155,164,165,169,182,195
09/F1	I+II	1,2,3,5	23,56,73,100,108,182,306
09/F1	I+II	1,2,3,5	8,56,74,164,182,217,225
06/A1	I+II		4,58,66,103,107,120,154,163,173,175,176,188,189,192,201,219,221,235,242,306
06/A1	I		33,163,176,188,189,199,221
06/A1	II		58,66,90,115,120,145,162,163,175,176,188,189,192,219,221,230,306
06/A1	I+II	1,2,3,5	1,54,62,99,103,116,150,159,169,171,172,184,185,188,197,215,217,231,238,302
06/A1	I+II	1,2,3,5	29,159,172,184,185,195,217
06/A1	I+II	1,2,3,5	54,62,86,111,116,141,158,159,171,172,184,185,188,215,217,226,302
12/B2	I+II		4,58,60,127,140,143,179,186,200,236,252,264,299
12/B2	I		58,60,140,153,160,215,228,230,238,252,256,260,264
12/B2	II		4,25,42,45,60,127,166,186,202,228,295,299
12/B2	I+II	1,2,3,5	1,54,56,123,136,139,175,182,196,232,248,260,295
12/B2	I+II	1,2,3,5	54,56,136,149,156,211,224,226,234,248,252,256,260
12/B2	I+II	1,2,3,5	1,21,38,41,56,123,162,182,198,224,291,295
09/A2	I+II		3,13,60,186,189,211,220
09/A2	I		27,60,189,279
09/A2	II		3,25,60,65,186,211
09/A2	I+II	1,2,3,5	9,56,182,185,207,216
09/A2	I+II	1,2,3,5	23,56,185,275
09/A2	I+II	1,2,3,5	54,56,61,182,207
07/H1	I+II		12,13,48,119,122,141,147,154,160,162,173,175,186,188,189,211,213,214
07/H1	I		44,60,147,154,160,189,201
07/H1	II		27,64,118,149,160,173,175,188,194,214
07/H1	I+II	1,2,3,5	8,9,44,115,118,137,143,150,156,158,169,171,182,184,185,207,209,210
07/H1	I+II	1,2,3,5	40,56,143,150,156,185,197
07/H1	I+II	1,2,3,5	23,60,114,145,156,169,171,184,190,210
12/E2	I+II		2,3,4,56,60,72,111,112,120,122,124,139,151,160,166,173,179,226,228,244
12/E2	I		14,16,27,60,127,140,188,283,284,287,325
12/E2	II		2,3,4,58,60,72,116,139,155,160,161,166,168,173,177,179,226,236,247,252,276,294
12/E2	I+II	1,2,3,5	1,52,56,68,107,108,116,120,135,147,156,162,169,175,222,224,240
12/E2	I+II	1,2,3,5	10,12,23,56,123,136,184,279,280,283,321
12/E2	I+II	1,2,3,5	1,54,56,68,83,112,130,135,151,156,157,162,164,169,173,175,222,232,243,248,264,272,290
08/A4	I+II		48,60,112,116,160,163,173,175,181
08/A4	I		14,39,42,48,50,61
08/A4	II		40,60,112,116,160,163,173,181,190
08/A4	I+II	1,2,3,5	44,56,108,112,156,159,169,171,177
08/A4	I+II	1,2,3,5	10,35,38,44,46,57
08/A4	I+II	1,2,3,5	36,56,108,112,156,159,169,177,186
09/B2	I+II		3,13,60,142,324
09/B2	I		1,3,60,82,176
09/B2	II		3,25,60,147,155
09/B2	I+II	1,2,3,5	9,56,138,320
09/B2	I+II	1,2,3,5	34,56,78,172
09/B2	I+II	1,2,3,5	9,56,143,151,156,164
05/E1	I+II		3,171,176,179,188,189,221
05/E1	I		56,73,189,193,221
05/E1	II		120,123,150,175,176,188,189,199,221,222,235
05/E1	I+II	1,2,3,5	8,167,171,172,175,185,217
05/E1	I+II	1,2,3,5	52,69,185,189,217
05/E1	I+II	1,2,3,5	116,119,146,171,172,184,185,195,217,218,231
03/D2	I+II		9,10,13,54,60,88,132,160,162,173,175,176,189,213,221,250,295
03/D2	I		13,132,134,158,175,176,189,213
03/D2	II		4,9,10,60,134,160,162,175,176,189,221
03/D2	I+II	1,2,3,5	5,6,9,50,56,84,128,156,158,169,171,172,185,209,217,246,291
03/D2	I+II	1,2,3,5	9,128,130,154,171,172,185,209
03/D2	I+II	1,2,3,5	1,5,6,56,130,156,158,171,172,185,217
