06/M1	I+II	1,2,3,5	49,56,66,93,103,116,156,169,171,182,185,193,195,216,219,234
06/M1	I+II	1,2,3,5	9,56,82,105,145,169,171,234
06/M1	I+II	1,2,3,5	37,56,94,103,156,167,169,171,207,218,264
02/C1	I+II	1,2,3,5	1,102,113,118,123,158,159,169,171,182,184,211,212,214,217,219
02/C1	I+II	1,2,3,5	13,159,169,171,182,210,211,212,213,217,280,331
02/C1	I+II	1,2,3,5	1,30,98,116,159,169,177,182,184,212,217,223
14/D1	I+II	1,2,3,5	54,56,78,88,100,149,163,175,186,197,212,213,240,250
14/D1	I+II	1,2,3,5	10,42,56,74,122,123,136,152,161,162,178,186,207,211,276,287
14/D1	I+II	1,2,3,5	54,56,86,88,172,175,201,212,213,240,304
05/C1	I+II	1,2,3,5	54,56,71,101,146,156,160,167,169,171,172,182,184,185,195,197,209,210,214,215,217,218,228
05/C1	I+II	1,2,3,5	56,133,145,146,160,167,171,215
05/C1	I+II	1,2,3,5	54,56,59,85,156,159,169,171,172,182,184,185,195,197,209,210,214,215,216,217,218,224
07/H3	I+II	1,2,3,5	52,61,115,171,182,195,197,207,209,218,224
07/H3	I+II	1,2,3,5	39,42,184,185,197,209,215
07/H3	I+II	1,2,3,5	26,73,108,123,182,184,195,207,209,217,218
06/D3	I+II	1,2,3,5	56,73,77,100,114,132,133,146,156,158,159,162,169,171,182,185,195,207,210,214,217,225
06/D3	I+II	1,2,3,5	130,133,146,156,159,169,182,185,217,225
06/D3	I+II	1,2,3,5	1,56,89,100,119,120,133,143,146,156,158,159,162,169,171,173,185,186,195,207,210,217,250
01/A3	I+II	1,2,3,5	1,52,56,86,87,108,109,124,146,150,158,159,169,171,172,175,181,182,184,210,211,212,214,215,218
01/A3	I+II	1,2,3,5	1,52,56,133,150,172,175,184,185,209,210,211,216,217
01/A3	I+II	1,2,3,5	1,35,56,62,68,77,98,100,108,124,138,143,146,150,156,159,169,171,177,182,184,197,210,211,212,214,215,217,218,306
01/A2	I+II	1,2,3,5	1,5,64,146,156,158,163,168,171,197,210,211,212,285
01/A2	I+II	1,2,3,5	33,52,169,171,210,211,212,277
01/A2	I+II	1,2,3,5	1,64,156,158,159,163,171,184,209,210,211,217
06/C1	I+II	1,2,3,5	1,125,133,146,156,158,159,169,171,172,182,184,185,197,206,210,215,216,217,223,256,272,305
06/C1	I+II	1,2,3,5	1,123,133,142,143,156,158,159,169,171,182,184,185,197,201,210,215,217,218,223,256
06/C1	I+II	1,2,3,5	1,13,125,146,156,158,159,169,171,172,182,184,206,215,216,217,223,240,244
06/E1	I+II	1,2,3,5	56,106,123,145,156,169,171,172,184,185,200,207,215,216,236,240
06/E1	I+II	1,2,3,5	36,56,68,123,124,216,218
06/E1	I+II	1,2,3,5	1,56,116,123,145,156,169,170,171,172,184,185,195,200,209,215,217,218,260,264,267,272
09/G2	I+II	1,2,3,5	54,56,63,74,92,100,114,119,130,143,145,151,156,159,162,169,171,193,202,209,212,217,218,262,271
09/G2	I+II	1,2,3,5	49,54,56,85,88,107,130,143,154,169,197
09/G2	I+II	1,2,3,5	54,56,66,84,98,102,116,119,121,135,143,145,147,151,156,158,159,162,164,169,175,182,193,197,202,209,212,215,217,218,260,266,271
02/B2	I+II	1,2,3,5	1,78,79,132,158,159,166,171,172,185,195,209,215,295
02/B2	I+II	1,2,3,5	1,93,94,125,132,159,169,171,172,179,195,197,207,209,210,217,223,224
02/B2	I+II	1,2,3,5	78,130,156,159,166,171,172,173,185,215,227,295
04/A4	I+II	1,2,3,5	1,84,92,161,169,182,184,185,217,223,263,273,274,295,296,303,306
04/A4	I+II	1,2,3,5	74,106,111,137,143,160,184,200,218,239,274,295,306
04/A4	I+II	1,2,3,5	1,84,92,124,169,171,184,185,213,217,223,235,259,274,279,293,303,305
13/D1	I+II	1,2,3,5	1,2,54,56,60,76,97,108,116,133,146,153,159,171,184,210,211,212,215,217,294
13/D1	I+II	1,2,3,5	23,56,139,166,171,175,179,211,217,276,293
13/D1	I+II	1,2,3,5	54,56,60,78,84,129,133,146,165,171,177,184,197,215,217,282
13/A4	I+II	1,2,3,5	1,49,50,54,56,64,126,133,159,169,172,182,185,195,197,198,200,214,216
13/A4	I+II	1,2,3,5	10,52,56,133,146,172,184,188,209,215,216,305
13/A4	I+II	1,2,3,5	50,52,54,56,64,126,156,165,169,172,182,185,195,197,198,200,207,214,216,274,277
13/A5	I+II	1,2,3,5	56,80,112,158,171,184,197,212,214,215,220,282,284
13/A5	I+II	1,2,3,5	56,172,185,197,214,215,216,217,228,276,287,289
13/A5	I+II	1,2,3,5	68,112,158,159,164,169,171,172,184,185,212
13/A2	I+II	1,2,3,5	1,44,77,92,133,146,156,158,159,171,172,173,177,184,185,195,197,202,210,278
13/A2	I+II	1,2,3,5	1,43,132,156,158,159,160,171,184,185,197,199,215,284
13/A2	I+II	1,2,3,5	25,115,143,146,156,158,159,171,172,177,182,184,185,191,197,202,210,215,228
06/N1	I+II	1,2,3,5	49,51,54,56,68,70,77,78,86,102,109,146,159,161,172,184,185,215,268,278,300
06/N1	I+II	1,2,3,5	9,33,44,56,77,78,94,109,110,172,185,186,187,200,210,212
06/N1	I+II	1,2,3,5	41,62,70,86,94,101,146,159,167,172,185,195,215,216,268,286,291,300
06/D6	I+II	1,2,3,5	82,89,120,130,142,143,149,156,159,169,171,172,182,185,210,217,236
06/D6	I+II	1,2,3,5	40,89,101,102,120,133,145,149,156,159,164,169,172,184,185,217,305
06/D6	I+II	1,2,3,5	79,156,171,182,185,210,214,217,259,268,275
06/F4	I+II	1,2,3,5	49,54,56,62,104,114,125,151,156,166,169,171,188,200,213,217,260,268,269,293,299,306
06/F4	I+II	1,2,3,5	49,54,56,92,104,125,151,154,158,166,169,171,215,293,295,299
06/F4	I+II	1,2,3,5	40,56,85,93,125,143,151,169,175,182,188,219,260
12/H3	I+II	1,2,3,5	1,54,56,104,114,138,143,147,149,177,182,187,211,240,273
12/H3	I+II	1,2,3,5	9,10,12,23,135,220
12/H3	I+II	1,2,3,5	1,54,56,104,120,143,149,156,170,187,211,222,240,273
12/E1	I+II	1,2,3,5	54,56,58,92,116,149,155,173,182,197,207,212,240,248,260
12/E1	I+II	1,2,3,5	54,56,173,248,252,262,272
12/E1	I+II	1,2,3,5	54,56,58,92,101,108,116,120,134,156,182,198,207,212
06/D4	I+II	1,2,3,5	30,102,146,156,158,159,169,171,172,184,185,195,210,215,216,217,228
06/D4	I+II	1,2,3,5	114,117,144,169,171,172,182,184,185,195,209,210,217,218,228,246
06/D4	I+II	1,2,3,5	102,130,158,159,169,171,172,184,185,210,211,215,217
05/A2	I+II	1,2,3,5	56,82,85,106,121,182,185,193,215,217
05/A2	I+II	1,2,3,5	34,56,181,194,260,268
05/A2	I+II	1,2,3,5	56,98,120,123,167,171,182,185,215,217
05/A1	I+II	1,2,3,5	49,54,56,133,151,156,158,169,182,186,188,191,209,217,260,262
05/A1	I+II	1,2,3,5	9,33,56,133,146,158,197,202,207,211,262
05/A1	I+II	1,2,3,5	49,54,56,59,133,142,156,158,169,175,182,184,186,188,197,207,210,212,215,218,260,262
10/H1	I+II	1,2,3,5	54,56,100,122,151,162,169,170,173,175,186,189,190,213,240,248,260,304
10/H1	I+II	1,2,3,5	54,122,149,212,213
10/H1	I+II	1,2,3,5	54,56,100,120,148,151,157,169,173,175,186,189,240
13/D2	I+II	1,2,3,5	1,54,56,76,97,114,118,133,146,171,185,197,212,228,279
13/D2	I+II	1,2,3,5	7,52,56,121,216,218,228
13/D2	I+II	1,2,3,5	56,76,114,118,146,171,195,197,212
11/E4	I+II	1,2,3,5	49,54,56,63,83,103,116,145,169,175,188,195,199,216,244
11/E4	I+II	1,2,3,5	13,25,32,56,83,86,121,133,169,171,197,217,329
11/E4	I+II	1,2,3,5	49,54,56,63,83,103,116,136,143,162,169,188,199,212,216,240,264
11/E1	I+II	1,2,3,5	1,54,56,78,100,156,158,169,171,180,184,210,215,216,306
11/E1	I+II	1,2,3,5	10,51,56,116,156,171,184,214,218,268
11/E1	I+II	1,2,3,5	1,54,56,100,112,134,156,159,169,180,182,184,197,207,217,218,230,275,287,306
11/E3	I+II	1,2,3,5	1,54,56,57,120,156,159,169,171,209,210,217
11/E3	I+II	1,2,3,5	21,30,56,120,159,169,171,182,217,232,271
11/E3	I+II	1,2,3,5	54,56,57,156,169,171,172,209,210,211,217
11/E2	I+II	1,2,3,5	25,56,172,200
11/E2	I+II	1,2,3,5	1,10,25,56,117,182,211,213,291
11/E2	I+II	1,2,3,5	1,51,56,143,149,172,214
11/D1	I+II	1,2,3,5	56,73,75,81,95,114,136,143,149,161,169,175,195,200,220,222,230,262,263,264,267,272,274
11/D1	I+II	1,2,3,5	12,33,56,87,95,174,175,195,201,234,250,258,263
11/D1	I+II	1,2,3,5	54,56,81,97,118,126,143,149,175,182,195,200,220,222,230,264,267,272
11/D2	I+II	1,2,3,5	52,54,56,59,106,108,114,143,149,220,248,261
11/D2	I+II	1,2,3,5	10,33,56,84,88,199,228,234,245,256,272,305
11/D2	I+II	1,2,3,5	37,56,80,143,162,212,218,220,261
14/C1	I+II	1,2,3,5	52,54,88,133,139,159,162,169,172,185,197,260
14/C1	I+II	1,2,3,5	10,57,73,149,152,158,169,184,185,197,210,260,263,268,276,289
14/C1	I+II	1,2,3,5	50,54,88,112,118,133,146,159,162,169,172,182,185,187,188,191,197,232
07/H2	I+II	1,2,3,5	9,38,44,58,145,156,164,167,168,171,172,184,185,215,216,260,268
07/H2	I+II	1,2,3,5	9,38,181,213,216
07/H2	I+II	1,2,3,5	38,58,134,156,167,169,171,172,184,185,209,214,215,216,260,295
07/H4	I+II	1,2,3,5	26,66,145,158,159,171,184,202,217,272,302
07/H4	I+II	1,2,3,5	21,26,143,146,171,184,202,218,220
07/H4	I+II	1,2,3,5	40,62,151,158,159,171,181,209,215,217,302,303
05/B2	I+II	1,2,3,5	1,54,56,57,65,70,74,81,105,110,128,142,169,181,184,185,194,212,213,217,224,228
05/B2	I+II	1,2,3,5	1,23,142,217,228,236
05/B2	I+II	1,2,3,5	1,56,58,65,66,78,81,105,106,107,155,169,181,185,213,214,217
10/B1	I+II	1,2,3,5	54,56,70,123,134,136,149,160,162,165,175,178,182,188,190,200,201,211,213,215,250,259,260,270,304
10/B1	I+II	1,2,3,5	52,54,56,123,162,178,182,188,200,211,240,260
10/B1	I+II	1,2,3,5	54,56,61,78,136,149,151,160,162,165,182,186,188,200,211,259,270,280,285,304
09/B1	I+II	1,2,3,5	1,54,56,122,132,164,177,197,293
09/B1	I+II	1,2,3,5	54,56,164
09/B1	I+II	1,2,3,5	54,56,122,132,164,197,262
13/B1	I+II	1,2,3,5	1,49,54,56,100,102,123,143,156,162,172,175,182,188,198,201,202,211,213,235,256,288,302
13/B1	I+II	1,2,3,5	1,5,8,37,56,78,143,150,156,169,188,236
13/B1	I+II	1,2,3,5	1,49,54,56,100,123,149,156,161,162,169,175,182,201,202,211,213,230,284,288
05/F1	I+II	1,2,3,5	1,93,94,117,146,151,159,172,184,185,196,215,217,223,297
05/F1	I+II	1,2,3,5	9,82,84,117,146,172,184,185,189,193,213,215,217,295
05/F1	I+II	1,2,3,5	1,66,93,94,103,116,159,167,171,172,184,185,196,212,215,216,217,231,297
06/A2	I+II	1,2,3,5	1,61,78,94,109,116,120,132,141,146,156,159,169,171,172,175,182,184,185,193,195,215,217,218,236,243,256,295,312
06/A2	I+II	1,2,3,5	42,61,78,120,156,159,167,169,172,182,184,185,195,215,228,243
06/A2	I+II	1,2,3,5	1,27,86,120,128,145,146,156,169,171,172,175,182,184,185,188,193,217,243,248,260,285
06/A3	I+II	1,2,3,5	56,128,130,141,143,156,159,161,171,172,174,182,185,195,207,209,215,217,218
06/A3	I+II	1,2,3,5	10,141,156,210
06/A3	I+II	1,2,3,5	56,143,145,156,171,182,185,195,209,212,215,217,218
05/E2	I+II	1,2,3,5	1,61,106,117,146,159,169,172,182,185,215,217,235,240,299
05/E2	I+II	1,2,3,5	78,86,109,115,129,130,156,159,172,182,184,185,210,213,215,235,271
05/E2	I+II	1,2,3,5	1,44,61,70,82,88,116,146,159,171,172,182,185,210,215,217,235,240,250,299
05/I1	I+II	1,2,3,5	37,56,61,73,76,77,79,98,106,119,169,178,188,200,217,237,247,267,271
05/I1	I+II	1,2,3,5	77,81,85,101,119,130,132,168,178,191,237,294
05/I1	I+II	1,2,3,5	56,78,79,81,98,169,200,227,267
09/G1	I+II	1,2,3,5	54,56,115,154,175,177,185,197,215,236,259
09/G1	I+II	1,2,3,5	56,164,177,184,212,215,236
09/G1	I+II	1,2,3,5	54,56,80,81,107,154,169,172,177,197,301
02/B1	I+II	1,2,3,5	1,69,103,114,130,146,147,158,159,169,171,172,184,185,193,197,210,215,228,247,292
02/B1	I+II	1,2,3,5	1,57,70,78,85,101,120,130,133,138,156,159,169,171,172,180,183,185,193,195,197,209,212,217
02/B1	I+II	1,2,3,5	1,103,108,131,150,156,159,169,171,172,185,215,228,278
08/A2	I+II	1,2,3,5	8,21,56,82,84,96,120,125,136,151,156,161,164,169,188,190,195,197,202,215,220,335
08/A2	I+II	1,2,3,5	21,56,82,117,125,156,164,175,187,188,190,202,335
08/A2	I+II	1,2,3,5	21,56,66,80,120,121,125,151,156,164,177,182,197,202,215
04/A3	I+II	1,2,3,5	49,54,56,93,101,156,162,164,165,169,172,174,186,207,217
04/A3	I+II	1,2,3,5	31,56,85,101,156,158,161,165,169,182,184,198,209,213,216,240
04/A3	I+II	1,2,3,5	52,55,56,169
01/A5	I+II	1,2,3,5	23,56,66,80,88,98,102,110,227
01/A5	I+II	1,2,3,5	52,58,121,125,181,288
01/A5	I+II	1,2,3,5	26,39,56,62,79,80,88,98,110,135,190
10/M1	I+II	1,2,3,5	29,49,52,56,149,158,175,228,234,244,262,268,270
10/M1	I+II	1,2,3,5	10,35,49,52,158,212,228,283
10/M1	I+II	1,2,3,5	52,125,143,149,175,188,262,264,274
03/C2	I+II	1,2,3,5	56,136,151,156,158,169,171,172,175,180,182,184,195,197,207,212,215,216
03/C2	I+II	1,2,3,5	56,123,146,151,156,158,159,175,180,182,195,197,209,211,212
03/C2	I+II	1,2,3,5	27,56,72,85,156,169,171,172,182,184,195,207,212,215,227,228
03/A2	I+II	1,2,3,5	33,56,74,137,159,172,206,217
03/A2	I+II	1,2,3,5	9,56,65,114,120,167,175,182,184,215,219,241
03/A2	I+II	1,2,3,5	54,56,101,103,106,121,158,159,172,176,182,185,215,217
03/A1	I+II	1,2,3,5	56,78,112,138,146,149,159,168,169,171,198,210,212,217,232,239
03/A1	I+II	1,2,3,5	43,56,109,171,292
03/A1	I+II	1,2,3,5	54,56,78,112,138,146,149,159,169,171,181,185,188,210,216,217,239,275
11/C5	I+II	1,2,3,5	54,56,58,74,88,115,156,161,162,164,169,175,177,178,190,191,198,199,211,213,217,224,228,237
11/C5	I+II	1,2,3,5	10,56,116,136,138,175,177,178,190,191,211,220
11/C5	I+II	1,2,3,5	54,56,58,88,102,115,156,161,162,169,177,178,191,198,199,211,213,217,237,256
11/C4	I+II	1,2,3,5	54,56,114,136,137,168,173,179,200,265,336
11/C4	I+II	1,2,3,5	12,23,26,56,64,131,133,168
11/C4	I+II	1,2,3,5	54,56,114,121,136,153,173,175,247
11/C3	I+II	1,2,3,5	49,56,149,156,187,211,240,254
11/C3	I+II	1,2,3,5	10,49,52,56,58,136,281,315
11/C3	I+II	1,2,3,5	56,149,169,173,187,216,226
11/C1	I+II	1,2,3,5	54,56,80,112,123,148,156,175,188,211,245,264,327
11/C1	I+II	1,2,3,5	10,35,56,135,136,148,161,173,188,198,264,268
11/C1	I+II	1,2,3,5	54,56,80,116,156,175,188,211,247
05/G1	I+II	1,2,3,5	54,56,114,130,133,156,169,184,194,195,217,258,267,272
05/G1	I+II	1,2,3,5	56,101,132,156,182,184,212,213,215,219,242,260,272
05/G1	I+II	1,2,3,5	54,56,115,133,138,156,162,168,169,184,194,195,215,263,268
09/H1	I+II	1,2,3,5	49,54,56,113,118,137,151,161,162,164,169,172,184,212,217,264,300
09/H1	I+II	1,2,3,5	1,9,10,12,56,96,133,156,171,189,212,217,240,264,280
09/H1	I+II	1,2,3,5	49,54,56,86,88,151,161,162,164,171,177,182,195,197,210,212,217
03/C1	I+II	1,2,3,5	1,69,97,133,139,143,146,156,159,172,184,185,210,261
03/C1	I+II	1,2,3,5	69,97,101,102,120,133,143,159,169,171,172,185,207,228,261,268,303,309
03/C1	I+II	1,2,3,5	21,97,133,146,156,159,172,185,210,213,215
11/B1	I+II	1,2,3,5	54,56,78,121,130,145,149,162,174,175,177,183,187,211,237,248
11/B1	I+II	1,2,3,5	10,32,56,145,149,161,175,212,252,298
11/B1	I+II	1,2,3,5	54,56,104,130,162,174,175,177,187,196,211,270
11/A3	I+II	1,2,3,5	54,56,94,108,117,130,148,149,161,162,165,169,179,182,186,211,232,248
11/A3	I+II	1,2,3,5	54,56,106,175,211,256
11/A3	I+II	1,2,3,5	54,56,58,108,117,126,148,160,161,162,169,179,182,186,200,211,244,248,264
13/B2	I+II	1,2,3,5	1,49,54,56,156,160,162,171,190,220,260,278
13/B2	I+II	1,2,3,5	12,21,56,102,136,162,169,212,260
13/B2	I+II	1,2,3,5	1,49,54,56,113,123,146,151,156,162,169,173,190,220,240,304
13/B3	I+II	1,2,3,5	2,22,56,164,200
13/B3	I+II	1,2,3,5	10,56,98,149,175,188
13/B3	I+II	1,2,3,5	33,56,162,177,179,188,218
13/A1	I+II	1,2,3,5	1,29,133,149,150,158,159,171,172,173,177,185,188,197,210,211,212,215,217,300
13/A1	I+II	1,2,3,5	1,38,52,147,148,149,159,160,177,183,184,185,187,188,197,210,211,212,215,217,296
13/A1	I+II	1,2,3,5	54,133,136,158,159,171,172,177,184,197,210,215,217
09/B3	I+II	1,2,3,5	1,8,15,56,65,125,151,159,169,172,188,190,209,212,276
09/B3	I+II	1,2,3,5	10,56,138,151,177
09/B3	I+II	1,2,3,5	1,44,56,103,125,162,169,172,185,188,190,209,212,215,227,305
12/F1	I+II	1,2,3,5	1,52
12/F1	I+II	1,2,3,5	52
12/F1	I+II	1,2,3,5	23,36,52
13/C1	I+II	1,2,3,5	54,56,112,115,137,149,160,162,175,182,188,190,211,212,213,241
13/C1	I+II	1,2,3,5	52,54,56,113,136,148,173,174,175,211,298,305
13/C1	I+II	1,2,3,5	54,112,115,137,149,160,162,164,165,175,182,188,199,211,212,213
10/N3	I+II	1,2,3,5	54,56,137,161,224,266
10/N3	I+II	1,2,3,5	54,121,138,222
10/N3	I+II	1,2,3,5	54,56,137,175,220
14/B2	I+II	1,2,3,5	54,56,104,112,130,143,147,148,160,186,210
14/B2	I+II	1,2,3,5	52,54,64,197
14/B2	I+II	1,2,3,5	54,56,57,94,104,143,160,173,186,187,210
09/D3	I+II	1,2,3,5	54,56,113,117,131,133,138,143,145,146,158,172,184,197,231,276
09/D3	I+II	1,2,3,5	1,56,77,96,130,145,156,158,207,210
09/D3	I+II	1,2,3,5	51,56,117,138,141,143,146,172,188,220,227
06/E2	I+II	1,2,3,5	58,123,145,156,158,168,169,171,182,184,185,208,209,217,242,252,263
06/E2	I+II	1,2,3,5	82,129,130,184,195,217,218,222
06/E2	I+II	1,2,3,5	58,123,130,145,156,158,159,163,168,169,171,182,184,217,232,256,263
09/C2	I+II	1,2,3,5	49,54,56,136,150,151,158,169,171,208,215,217,219,294,309
09/C2	I+II	1,2,3,5	9,56,81,150,151,153,164,169,177,182,184,192,197,216,243,287
09/C2	I+II	1,2,3,5	54,56,65,134,146,150,156,169,184,215,216,217,282,297,300
07/H5	I+II	1,2,3,5	9,56,130,156
07/H5	I+II	1,2,3,5	9,25,27,123,145
07/H5	I+II	1,2,3,5	9,56
11/C2	I+II	1,2,3,5	37,56,86,116,151,159,165,169,172,182,184,189,195,197,215,259,289
11/C2	I+II	1,2,3,5	56,172,188,190,217,311
11/C2	I+II	1,2,3,5	56,83,116,139,146,151,177,182,184,191,195,197,272
10/D4	I+II	1,2,3,5	1,54,56,149,161,175,182,213
10/D4	I+II	1,2,3,5	1,54,211,286,301
10/D4	I+II	1,2,3,5	1,54,56,120,135,149,151,161,162,175,182,211,213
08/C1	I+II	1,2,3,5	52,54,56,118,162,182,188,259,260
08/C1	I+II	1,2,3,5	10,13,49,56,89,118,156,161,162,175,182,186,190,202,211,212,240
08/C1	I+II	1,2,3,5	54,56,88,130,162,188,237,242,248,259
08/F1	I+II	1,2,3,5	54,56,92,162,164,169,170,173,175,187,188,190,195,200,212,256,274
08/F1	I+II	1,2,3,5	1,10,56,104,135,162,171,173,174,175,200,256,292
08/F1	I+II	1,2,3,5	54,56,77,92,162,169,170,173,175,177,186,187,188,190,195,200,209,212,274,296
08/D1	I+II	1,2,3,5	54,56,100,119,120,123,134,136,143,149,164,175,182,198,211,225,235,256,262,272,274
08/D1	I+II	1,2,3,5	54,90,120,123,136,174,175,187,212,249,262,272,274,303
08/D1	I+II	1,2,3,5	54,56,100,136,179,182,188,195,198,205,219,264
01/A4	I+II	1,2,3,5	9,56,87,159,177,185,202,214,215,281
01/A4	I+II	1,2,3,5	54,56,80,164,182,195,200,252,285
01/A4	I+II	1,2,3,5	9,56,182,215,238,281
14/C2	I+II	1,2,3,5	54,56,85,101,116,120,139,149,161,162,169,185,191,226,244,260,269
14/C2	I+II	1,2,3,5	54,66,73,114,139,149,160,161,162,174,182,191,224,228,254,258,260,263,265
14/C2	I+II	1,2,3,5	54,56,67,101,113,118,139,151,159,162,168,182,191,244,260
10/C1	I+II	1,2,3,5	1,54,56,86,156,161,162,182,186,229,236,247
10/C1	I+II	1,2,3,5	54,56,138,149,156,160,161,162,169,175,182,223,229,244,248
10/C1	I+II	1,2,3,5	1,54,56,60,120,173,182,221,236
01/A1	I+II	1,2,3,5	6,56,118,156,177,185,191,197,207,210,276,282
01/A1	I+II	1,2,3,5	8,29,56,159,175,178,182,185,210,211,218,252,282
01/A1	I+II	1,2,3,5	56,76,130,143,162,202,210
08/E1	I+II	1,2,3,5	54,56,110,112,121,123,130,136,149,162,166,169,173,174,175,177,186,188,195,204,210,211,245
08/E1	I+II	1,2,3,5	10,12,56,121,123,148,149,162,175,186,188,195,210,211,221,305,315
08/E1	I+II	1,2,3,5	54,56,82,112,130,134,136,149,160,162,163,166,170,173,174,175,186,188,192,195,202,211,212,241
02/A2	I+II	1,2,3,5	1,13,98,100,141,156,159,171,172,185,189,192,210,215,290
02/A2	I+II	1,2,3,5	1,52,149,156,158,159,169,172,184,185,192,200,215,217,309
02/A2	I+II	1,2,3,5	56,81,98,119,133,169,172,184,185,210,212,215,299
10/F1	I+II	1,2,3,5	54,56,106,150,160,162,173,175,182,211,212,248,269,270
10/F1	I+II	1,2,3,5	54,56,82,90,149,162,163,173,175,211,266,270
10/F1	I+II	1,2,3,5	52,54,56,116,160,162,173,175,177,182,211,212,290,306
07/A1	I+II	1,2,3,5	42,156,159,169,175,182,184,185,190,195,197,207,217,240
07/A1	I+II	1,2,3,5	42,159,182,197,217
07/A1	I+II	1,2,3,5	143,151,156,162,169,172,182,188,190,207,240
09/E4	I+II	1,2,3,5	21,56,94,164
09/E4	I+II	1,2,3,5	56,86,125,151,260
09/E4	I+II	1,2,3,5	1,56,98,132,151,164,177,217
03/B2	I+II	1,2,3,5	1,33,51,95,105,110,133,138,146,156,159,169,171,172,182,184,185,197,209,210,215,216
03/B2	I+II	1,2,3,5	1,33,110,130,133,143,151,156,158,172,190,197,215
03/B2	I+II	1,2,3,5	104,133,146,159,169,171,172,182,184,185,197,210,211,216,220,226
02/B3	I+II	1,2,3,5	54,56,65,92,138,158,168,218
02/B3	I+II	1,2,3,5	56,114,158,185,195,211,216,322
02/B3	I+II	1,2,3,5	54,56,84,91,109,110,133,155,171,185,194,195,216,220,244,247
09/D1	I+II	1,2,3,5	34,56,94,122,125,182,307
09/D1	I+II	1,2,3,5	1,10,34,51,56,64,172,249,307
09/D1	I+II	1,2,3,5	56,125,143,175,193,248
10/F3	I+II	1,2,3,5	56,186,213,309
10/F3	I+II	1,2,3,5	10,12,13,56,160,309
10/F3	I+II	1,2,3,5	29,56,120,144,211
12/G2	I+II	1,2,3,5	23,56,149,162,169,188,198,211,250,260,288
12/G2	I+II	1,2,3,5	36,56,130,143,211,213,268,272
12/G2	I+II	1,2,3,5	1,56,125,149,162,188,200,203,211,240
08/A3	I+II	1,2,3,5	54,56,114,143,164,168,172,175,177,182,188,190,195,207,211,248,285,302,304
08/A3	I+II	1,2,3,5	5,10,56,124,197,211,212,295
08/A3	I+II	1,2,3,5	54,56,101,116,143,162,164,175,177,182,188,190,195,200,207,236,244,252,304
04/A1	I+II	1,2,3,5	56,74,117,133,145,168,169,171,181,182,193,197,211,215,216,236,247
04/A1	I+II	1,2,3,5	36,56,78,82,106,110,168,172,181,184,215,216,217,218,247,264
04/A1	I+II	1,2,3,5	22,58,133,143,159,168,169,182,184,193,197,215,217,244
14/A2	I+II	1,2,3,5	1,52,56,84,99,112,133,156,158,171,172,184,195,210,211,212,281
14/A2	I+II	1,2,3,5	1,42,132,185,212,213,217
14/A2	I+II	1,2,3,5	54,99,100,104,119,149,156,162,171,172,184,195,197,200,213,264,281,288,305
09/E1	I+II	1,2,3,5	1,54,56,78,130,132,143,158,163,176,210,211,216
09/E1	I+II	1,2,3,5	154,158,169,209,239
09/E1	I+II	1,2,3,5	1,54,56,86,94,130,132,213,216
06/A4	I+II	1,2,3,5	42,72,146,159,169,171,172,185,187,195,210,217,218,283
06/A4	I+II	1,2,3,5	41,158,159,167,171,172,184,209,210,215,223
06/A4	I+II	1,2,3,5	33,159,172,185,215,218,268,275
08/B1	I+II	1,2,3,5	123,125,156,164,169,172,209,215
08/B1	I+II	1,2,3,5	52,172,175,197,207,209
08/B1	I+II	1,2,3,5	124,130,136,138,151,156,169,172,182,226
02/A1	I+II	1,2,3,5	2,56,57,76,78,99,116,172,184,197,215,238,272,282
02/A1	I+II	1,2,3,5	9,10,66,74,90,102,110,115,189,246,250,307
02/A1	I+II	1,2,3,5	1,54,56,57,83,119,120,157,171,172,174,185,196,197,211,212,215,217
09/D2	I+II	1,2,3,5	56,108,109,133,141,149,156,158,159,167,190,202,211,230
09/D2	I+II	1,2,3,5	9,56,76,132,167,193,209,293
09/D2	I+II	1,2,3,5	54,56,108,133,141,151,156,158,159,202,211,230
01/B1	I+II	1,2,3,5	1,49,54,79,96,97,118,125,138,139,142,146,151,156,159,162,164,169,171,174,177,182,187,190,195,212,216,217,223,226,261,269
01/B1	I+II	1,2,3,5	8,10,15,50,64,81,89,98,125,138,158,161,164,174,185,212,217,226,231,247,261,269
01/B1	I+II	1,2,3,5	1,49,54,113,138,145,148,151,159,164,169,171,174,175,177,182,190,191,195,212,217,231,264,306
01/A6	I+II	1,2,3,5	32,56,171,215,216
01/A6	I+II	1,2,3,5	10,56,210,216
01/A6	I+II	1,2,3,5	56,104,112,133,156,159,169,171,172,184,197,207,215,216,217
11/A2	I+II	1,2,3,5	54,56,137,149,162,165,178,182,203,238,262
11/A2	I+II	1,2,3,5	52,56
11/A2	I+II	1,2,3,5	54,56,112,137,149,152,162,178,182,186,199,213,248,262,265
13/B4	I+II	1,2,3,5	49,54,56,68,130,157,162,169,175,182,195,196,211,212,213
13/B4	I+II	1,2,3,5	10,42,81,156,157,163,169,170,176,182,196,211,298,301,305
13/B4	I+II	1,2,3,5	49,54,56,68,162,170,175,182,195,207,212,301
06/I1	I+II	1,2,3,5	1,65,84,136,156,158,169,172,182,184,209,210,217,240
06/I1	I+II	1,2,3,5	29,114,156,169,172,184,209,210,211,248
06/I1	I+II	1,2,3,5	1,102,147,158,162,169,171,172,182,184,217,240
05/H2	I+II	1,2,3,5	60,77,82,97,98,102,145,146,159,172,175,185,214,305
05/H2	I+II	1,2,3,5	27,77,78,82,85,86,93,145,146,159,162,305,306
05/H2	I+II	1,2,3,5	60,98,102,110,145,146,159,172,185,212,235
06/H1	I+II	1,2,3,5	1,133,145,146,159,169,171,172,182,184,210,217,219,247,254,260,272,304
06/H1	I+II	1,2,3,5	1,106,145,159,169,171,182,184,215,228,234,260,271
06/H1	I+II	1,2,3,5	43,82,123,132,133,146,156,158,161,169,171,172,176,182,184,206,210,215,217,248,272,302
06/F3	I+II	1,2,3,5	48,147,156,169,171,180,182,184,210,215,217,218
06/F3	I+II	1,2,3,5	143,154,156,158,167,169,182
06/F3	I+II	1,2,3,5	26,169,171,183,184,210,215,217,218
03/B1	I+II	1,2,3,5	41,69,99,158,159,169,172,182,185,210,216,217,287
03/B1	I+II	1,2,3,5	1,65,133,156,158,159,169,171,172,175,184,185,197,207,210,216,217,291
03/B1	I+II	1,2,3,5	114,154,158,159,169,171,172,182,185,210,216,296
12/A1	I+II	1,2,3,5	52,54,56,109,147,149,156,165,174,175,178,182,186,191,198,211,266
12/A1	I+II	1,2,3,5	12,52,61,120,136,149,162,165,186,191,198,203,211,212,225,230
12/A1	I+II	1,2,3,5	1,54,56,121,147,149,156,165,169,186,196,211,266
07/D1	I+II	1,2,3,5	81,92,98,116,149,158,159,164,171,172,176,181,184,185,197,211,212,215,216,217,218,236,260,299,302
07/D1	I+II	1,2,3,5	21,73,123,146,158,162,172,182,184,185,216,218,223,236
07/D1	I+II	1,2,3,5	92,98,113,124,132,133,158,159,164,171,172,175,184,212,213,215,216,217,218,236,293
06/F1	I+II	1,2,3,5	55,72,74,113,156,159,164,169,171,172,184,185,195,197,214,215,217,248,260,277
06/F1	I+II	1,2,3,5	10,116,124,137,169,170,171,172,184,185,193,214,217,248,278
06/F1	I+II	1,2,3,5	56,113,156,164,169,171,172,182,185,190,197,209,214,215,217,260,300
10/A1	I+II	1,2,3,5	1,54,56,81,84,92,110,123,149,156,161,162,164,169,173,175,177,186,187,188,191,198,202,211,212,215,226,244,296,301
10/A1	I+II	1,2,3,5	54,56,149,151,162,169,173,174,175,178,186,211,226,272,298,300,303
10/A1	I+II	1,2,3,5	1,54,56,84,92,106,160,162,164,169,175,177,182,186,187,188,200,202,211,212,220,260,303
07/F1	I+II	1,2,3,5	7,34,56,123,176,177,188,217
07/F1	I+II	1,2,3,5	23,56,123,129,162,197
07/F1	I+II	1,2,3,5	34,51,56,177,188,217
05/B1	I+II	1,2,3,5	56,65,76,100,109,118,119,124,130,132,143,144,156,159,169,171,172,176,182,184,209,214,215,216,217,239,240,249,259,266,294
05/B1	I+II	1,2,3,5	29,76,100,132,145,169,170,171,182,184,217,247
05/B1	I+II	1,2,3,5	35,56,65,76,86,116,132,143,159,163,169,171,172,175,182,184,214,215,216,217,240,259,304
12/B1	I+II	1,2,3,5	2,54,56,147,162,260
12/B1	I+II	1,2,3,5	56,149,175,188,256,260,272
12/B1	I+II	1,2,3,5	54,56,147,188,198,224
09/C1	I+II	1,2,3,5	25,56,86,151,163,210
09/C1	I+II	1,2,3,5	54,56,138,177,210
09/C1	I+II	1,2,3,5	36,51,56,110,143,151,213
05/D1	I+II	1,2,3,5	1,6,9,56,58,74,102,115,131,146,159,178,185,191,210,212,215
05/D1	I+II	1,2,3,5	1,52,58,94,120,157,165,191,210,212
05/D1	I+II	1,2,3,5	1,49,54,56,110,119,150,159,172,185,215
14/A1	I+II	1,2,3,5	44,56,116,118,120,134,148,149,150,161,162,169,173,184,187,224,228,260,270,272,287
14/A1	I+II	1,2,3,5	10,12,52,56,110,149,161,174,220,224,225,233,248,336
14/A1	I+II	1,2,3,5	1,56,114,116,125,148,149,150,160,162,169,187,197,200,209,226,228,248,270,287
10/N1	I+II	1,2,3,5	2,56,64,114,132,156,160,161,162,169,173,188,202,213,222,242,300
10/N1	I+II	1,2,3,5	52,54,81,169,202,229,248,300
10/N1	I+II	1,2,3,5	31,56,72,132,149,161,162,169,173,182,190,191,211,213,222,272,274
10/D2	I+II	1,2,3,5	54,56,118,138,151,161,162,182,188,191,211,215,238,240,264
10/D2	I+II	1,2,3,5	10,56,151,178,246,252
10/D2	I+II	1,2,3,5	56,118,121,135,149,174,175,182,188,196,211,213,215,238,264
08/E2	I+II	1,2,3,5	1,54,56,69,97,148,161,173,175,183,187,188,200,210,211,212,226,311
08/E2	I+II	1,2,3,5	10,52,56,147,149,161,174,187,210,211,225,226,262,274,288,302,311
08/E2	I+II	1,2,3,5	54,56,69,97,161,175,183,186,187,188,200,210,211,212,296,304
06/F2	I+II	1,2,3,5	79,97,156,169,171,184,185,197,215,217,259,297
06/F2	I+II	1,2,3,5	172,184,197,209,215,291,305
06/F2	I+II	1,2,3,5	79,97,156,159,169,171,184,185,197,215
04/A2	I+II	1,2,3,5	2,54,56,132,142,143,146,169,171,182,195,212,215,217,270,285,287
04/A2	I+II	1,2,3,5	27,56,159,169,184,263
04/A2	I+II	1,2,3,5	56,85,98,106,133,135,146,156,158,169,182,184,185,212,213,214,217,235,282
03/D1	I+II	1,2,3,5	9,56,118,156,159,169,171,185,212,247
03/D1	I+II	1,2,3,5	29,56,155,159,182,197,205,209,292
03/D1	I+II	1,2,3,5	49,54,56,83,118,130,156,159,169,184,185,212
08/B3	I+II	1,2,3,5	3,49,56,70,99,101,102,151,156,159,164,169,171,177,182,184,190,195,210,212,244
08/B3	I+II	1,2,3,5	49,79,86,101,125,135,146,151,156,164,169,177,182,184,190,202,210,224
08/B3	I+II	1,2,3,5	3,56,85,99,164,169,171,182,190,209,212,215
10/G1	I+II	1,2,3,5	3,49,54,56,107,140,158,169,175,182,256
10/G1	I+II	1,2,3,5	52,54,56,139,161,162,191,212,232,243
10/G1	I+II	1,2,3,5	54,56,140,156,158,162,256,286
06/D5	I+II	1,2,3,5	30,77,146,151,156,169,172,184,195,197,215,216,217,225,260
06/D5	I+II	1,2,3,5	9,61,169,210,245,305
06/D5	I+II	1,2,3,5	136,146,169,172,184,195,197,215,218,260
06/G1	I+II	1,2,3,5	57,62,87,104,109,120,130,132,133,143,146,158,168,169,171,172,184,185,193,197,207,210,212,215,216,217,226,240,243,272
06/G1	I+II	1,2,3,5	1,56,57,62,73,87,90,109,120,123,125,130,132,133,143,146,149,159,169,171,172,182,197,207,210,215,217,218,240,243,272,335
06/G1	I+II	1,2,3,5	78,104,120,133,143,145,146,158,168,169,171,172,182,184,185,195,207,209,210,215,217,218,226,239,247,260
07/E1	I+II	1,2,3,5	49,54,56,66,80,102,106,112,133,146,158,169,172,182,185,188,262,298,309
07/E1	I+II	1,2,3,5	5,56,64,66,98,106,117,145,169,172,184,185,215,290,309
07/E1	I+II	1,2,3,5	54,56,100,106,156,158,169,172,188,200,207,216
07/B2	I+II	1,2,3,5	56,90,94,101,117,120,130,156,158,169,171,172,177,185,216,217,218
07/B2	I+II	1,2,3,5	9,80,102,110,172,177,215,216,218,294
07/B2	I+II	1,2,3,5	33,56,90,94,101,117,120,145,156,158,169,171,184,208,216,217,301
09/E2	I+II	1,2,3,5	56,132,138,146,164,177
09/E2	I+II	1,2,3,5	9,56,164,177,190,210,212
09/E2	I+II	1,2,3,5	29,56,125,133,138,146,151,164,209
10/D3	I+II	1,2,3,5	54,56,123,130,175,207,211,212,288,294
10/D3	I+II	1,2,3,5	10,52,56,156,211,212,213
10/D3	I+II	1,2,3,5	54,56,108,116,123,130,136,210,211,225
08/B2	I+II	1,2,3,5	1,6,52,56,57,99,121,169,182,188,195,197,212,213,215,293,301
08/B2	I+II	1,2,3,5	10,52,124,171,184,214
08/B2	I+II	1,2,3,5	1,56,99,134,159,169,177,182,184,212,213,214,215,293
13/A3	I+II	1,2,3,5	52,54,67,103,146,147,171,173,184,211,217,242,294,298
13/A3	I+II	1,2,3,5	23,160,173,184,215,226,289
13/A3	I+II	1,2,3,5	1,54,67,103,146,158,160,171,197,211,217,260,268,294,298,304
06/D1	I+II	1,2,3,5	55,56,90,132,133,143,145,159,162,169,171,172,182,184,185,210,217,247,252
06/D1	I+II	1,2,3,5	1,12,51,132,133,146,159,169,182,185,200,210,215,217,218,239,251
06/D1	I+II	1,2,3,5	55,56,119,133,143,145,159,169,171,172,182,184,185,217,255,260,291
12/C2	I+II	1,2,3,5	52,56,143,152,156,200,203,208
12/C2	I+II	1,2,3,5	23,41,152,210,291
12/C2	I+II	1,2,3,5	30,56,143
11/A1	I+II	1,2,3,5	54,56,91,120,123,136,147,151,160,162,175,188,191,199,200,221
11/A1	I+II	1,2,3,5	10,25,56,63,136,149,173,188,245,268
11/A1	I+II	1,2,3,5	56,135,147,151,162,175,188,191,199,200
09/A1	I+II	1,2,3,5	44,56,97,106,138,156,158,164,169,171,177,182,184,190,195,202,211,215,216
09/A1	I+II	1,2,3,5	56,97,106,125,141,156,158,164,169,177,182,190,195,202,205,215,286,301,304
09/A1	I+II	1,2,3,5	44,56,151,159,164,169,170,171,182,184,190,195,215,216,220,292
11/A5	I+II	1,2,3,5	1,54,56,111,118,136,156,176,188,202,268,269
11/A5	I+II	1,2,3,5	54,56,170,264
11/A5	I+II	1,2,3,5	1,54,56,100,106,108,136,156,161,182,198,269,274
13/D3	I+II	1,2,3,5	8,49,56,61,111,145,149,160,162,169,171,172,188,225,236,302
13/D3	I+II	1,2,3,5	56,125,138,149,162,200,260,302
13/D3	I+II	1,2,3,5	56,83,162,216,225
12/H2	I+II	1,2,3,5	52,56,123,151,164,177
12/H2	I+II	1,2,3,5	52,125,151,164,304
12/H2	I+II	1,2,3,5	27,56,123,177,212
10/E1	I+II	1,2,3,5	54,56,75,100,112,150,155,161,162,169,175,200
10/E1	I+II	1,2,3,5	23,29,56,179,192
10/E1	I+II	1,2,3,5	56,75,112,120,161,175,182,200,215
10/F2	I+II	1,2,3,5	54,56,134,149,161,168,173,175,188,199,211,212
10/F2	I+II	1,2,3,5	10,33
10/F2	I+II	1,2,3,5	1,54,56,160,162,168,169,211
12/C1	I+II	1,2,3,5	1,54,56,73,98,100,108,136,143,149,152,156,160,162,169,170,175,182,188,195,212,213,244
12/C1	I+II	1,2,3,5	1,10,23,130,136,162,174,182,186,211
12/C1	I+II	1,2,3,5	1,54,56,72,73,100,123,130,138,149,156,162,169,170,175,182,188,195,198,211,212
12/D1	I+II	1,2,3,5	1,54,56,64,107,169,173,174,188,198,260
12/D1	I+II	1,2,3,5	1,9,27,56,165,173,188,211,212,271
12/D1	I+II	1,2,3,5	1,54,56,112,161,169,188,198,219,222,260
12/H1	I+II	1,2,3,5	9,23,52,121,155,260,268,276
12/H1	I+II	1,2,3,5	3,23,131,291
12/H1	I+II	1,2,3,5	52,56,268
08/A1	I+II	1,2,3,5	1,9,56,84,115,118,158,169,172,212,214,215,217,285,301
08/A1	I+II	1,2,3,5	1,10,52,56,171,182,213,217,301
08/A1	I+II	1,2,3,5	1,56,113,116,159,169,175,184,212,214,215,217,293
09/E3	I+II	1,2,3,5	54,56,151,164,172,215,259,292
09/E3	I+II	1,2,3,5	13,21,56,145,151,164,171,172,173,177,212,259
09/E3	I+II	1,2,3,5	54,56,72,151,164,190,197,212,215
07/F2	I+II	1,2,3,5	56,73,109,129,132,136,143,158,161,162,169,174,182,195,207,298,307
07/F2	I+II	1,2,3,5	10,35,77,96,136,148,155,169,223
07/F2	I+II	1,2,3,5	1,56,124,145,149,161,162,169,184,190,197,207,210
12/E3	I+II	1,2,3,5	56,62,123,134,147,149,169,175,188,211,248,260,264,290
12/E3	I+II	1,2,3,5	52,56,123,136,148,175,188,222,264
12/E3	I+II	1,2,3,5	54,147,160,162,188,198,211,248,256,260,264
13/B5	I+II	1,2,3,5	35,132,137,149,156,164,170,172,177,183,185,188,190,198,302
13/B5	I+II	1,2,3,5	52,137,188
13/B5	I+II	1,2,3,5	9,41,132,134,156,164,172,184,185,198,210,275,302
12/D2	I+II	1,2,3,5	25,32,56,118,136,152,156,174,188,198,200,203,240,260,277,279
12/D2	I+II	1,2,3,5	56,130,174,232,236
12/D2	I+II	1,2,3,5	54,56,80,120,136,152,156,162,203,211,276,279,285,291,304
12/G1	I+II	1,2,3,5	1,52,56,74,162,174,175,188,198,203,220,228
12/G1	I+II	1,2,3,5	29,52,121,126,134,139,147,165,178
12/G1	I+II	1,2,3,5	1,37,56,74,162,188,220,228
05/H1	I+II	1,2,3,5	9,69,73,86,115,122,133,156,159,172,182,184,185,212,217
05/H1	I+II	1,2,3,5	1,21,86,97,120,156,159,185,211,212,299
05/H1	I+II	1,2,3,5	23,133,156,167,172,182,184,185,195,215,217,260
06/D2	I+II	1,2,3,5	29,56,90,102,110,128,146,150,156,169,172,182,184,185,195,197,207,210,212,215,217,248,253,263
06/D2	I+II	1,2,3,5	54,78,84,98,102,110,141,145,146,156,158,169,172,182,195,209,217,218,219,263
06/D2	I+II	1,2,3,5	56,74,102,144,156,162,169,172,182,184,185,195,197,207,210,212,215,217,218,227,248
06/B1	I+II	1,2,3,5	1,52,54,56,74,82,97,102,103,104,109,115,130,133,143,145,146,159,171,172,184,185,207,210,215,217,218,219,235,263,264,267,298,300
06/B1	I+II	1,2,3,5	39,70,86,97,109,112,116,117,119,145,159,169,172,182,184,185,215,217,239,271
06/B1	I+II	1,2,3,5	1,54,56,82,102,103,104,120,121,130,133,146,171,172,175,184,185,195,207,209,210,215,216,217,218,233,235,252,263,266,267,272,298,305
06/M2	I+II	1,2,3,5	42,56,98,115,116,158,159,163,169,171,172,177,182,184,185,189,197,206,214,215,217,224,263
06/M2	I+II	1,2,3,5	1,10,27,62,85,93,106,119,155,158,159,169,171,182,185,206,209,212,214,215,217
06/M2	I+II	1,2,3,5	42,116,145,158,164,169,171,172,176,182,184,215
06/E3	I+II	1,2,3,5	51,133,172,184,185,197,198,200,207
06/E3	I+II	1,2,3,5	10,51,56,133,143,156,182
06/E3	I+II	1,2,3,5	43,133,158,161,169,172,175,182,184,185,187,197,200,217,240,248
11/A4	I+II	1,2,3,5	54,56,60,62,88,149,169,175,182,188,190,224,264
11/A4	I+II	1,2,3,5	54,56,149,211,248,260
11/A4	I+II	1,2,3,5	54,56,62,70,80,119,135,136,151,162,175,182,195,200,227
06/L1	I+II	1,2,3,5	52,72,122,156,158,159,162,172,184,215,216,217,219,251
06/L1	I+II	1,2,3,5	30,132,159,169,182,195,197,211,212,213,215,217
06/L1	I+II	1,2,3,5	64,156,158,159,161,162,171,175,182,184,195,217,219,223,228,276
14/B1	I+II	1,2,3,5	49,56,161,175,186,191,200,210,211,220,234,252,260,270
14/B1	I+II	1,2,3,5	10,52,152,178,186,191,210,211,225
14/B1	I+II	1,2,3,5	54,56,120,182,186,200,210,211,220,224,234,252,260,270
07/B1	I+II	1,2,3,5	1,54,56,97,98,109,138,169,171,182,184,188,200,209,212,215,217,264,285,292
07/B1	I+II	1,2,3,5	9,51,56,77,171,215,217
07/B1	I+II	1,2,3,5	1,54,56,57,97,125,149,156,169,171,175,184,188,207,209,212,215
07/C1	I+II	1,2,3,5	9,33,56,125,138,141,143,156,166,177,182,184,209,214
07/C1	I+II	1,2,3,5	9,33,56,137,170
07/C1	I+II	1,2,3,5	32,56,78,80,88,125,136,138,145,153,158,171,182,209
10/D1	I+II	1,2,3,5	54,56,113,114,118,160,186,187,195,200,211,295,302,306
10/D1	I+II	1,2,3,5	52,56,169,195,200,210,291
10/D1	I+II	1,2,3,5	54,56,113,114,116,118,143,160,186,187,188,200,211,297,298,306
09/A3	I+II	1,2,3,5	54,56,125,151,156,164,171,177,216,285
09/A3	I+II	1,2,3,5	10,12,23,56,84,212,213
09/A3	I+II	1,2,3,5	54,56,125,130,151,161,164,177,182,185,190,209,212,215,216,285
07/G1	I+II	1,2,3,5	1,56,123,124,136,145,156,158,168,171,177,182,184,185,190,207,209,215,217,218,231,297
07/G1	I+II	1,2,3,5	1,56,133,156,171,182,184,209,211,212,217
07/G1	I+II	1,2,3,5	56,72,112,123,136,145,169,171,172,175,182,184,185,190,207,209,215,217,218,293,295
10/I1	I+II	1,2,3,5	56,90,136,148,149,174,177,188,240,264,298
10/I1	I+II	1,2,3,5	23,153,177,224,244,252
10/I1	I+II	1,2,3,5	54,56,136,148,149,168,175,182,199,240
10/M2	I+II	1,2,3,5	23,32,138,149,150,160,163,182,223
10/M2	I+II	1,2,3,5	23,26,164,217,223
10/M2	I+II	1,2,3,5	23,56,123,136,149,150,163,188,200
13/D4	I+II	1,2,3,5	54,106,133,160,169,171,211,212,213,220,226,306
13/D4	I+II	1,2,3,5	3,52,211,212,214,220,226
13/D4	I+II	1,2,3,5	54,56,106,110,133,143,171,172,197,213,303
09/F2	I+II	1,2,3,5	1,54,56,101,138,156,164,169,177,182,188,195,211,214,259,276,285,292,315
09/F2	I+II	1,2,3,5	10,37,38,56,109,131,146,171,177,182,184,185,195,217,276,287,315,327
09/F2	I+II	1,2,3,5	1,54,56,77,138,159,160,164,169,177,182,190,210,214,292
09/F1	I+II	1,2,3,5	8,30,56,100,138,155,164,165,169,182,195
09/F1	I+II	1,2,3,5	23,56,73,100,108,182,306
09/F1	I+II	1,2,3,5	8,56,74,164,182,217,225
06/A1	I+II	1,2,3,5	1,54,62,99,103,116,150,159,169,171,172,184,185,188,197,215,217,231,238,302
06/A1	I+II	1,2,3,5	29,159,172,184,185,195,217
06/A1	I+II	1,2,3,5	54,62,86,111,116,141,158,159,171,172,184,185,188,215,217,226,302
12/B2	I+II	1,2,3,5	1,54,56,123,136,139,175,182,196,232,248,260,295
12/B2	I+II	1,2,3,5	54,56,136,149,156,211,224,226,234,248,252,256,260
12/B2	I+II	1,2,3,5	1,21,38,41,56,123,162,182,198,224,291,295
09/A2	I+II	1,2,3,5	9,56,182,185,207,216
09/A2	I+II	1,2,3,5	23,56,185,275
09/A2	I+II	1,2,3,5	54,56,61,182,207
07/H1	I+II	1,2,3,5	8,9,44,115,118,137,143,150,156,158,169,171,182,184,185,207,209,210
07/H1	I+II	1,2,3,5	40,56,143,150,156,185,197
07/H1	I+II	1,2,3,5	23,60,114,145,156,169,171,184,190,210
12/E2	I+II	1,2,3,5	1,52,56,68,107,108,116,120,135,147,156,162,169,175,222,224,240
12/E2	I+II	1,2,3,5	10,12,23,56,123,136,184,279,280,283,321
12/E2	I+II	1,2,3,5	1,54,56,68,83,112,130,135,151,156,157,162,164,169,173,175,222,232,243,248,264,272,290
08/A4	I+II	1,2,3,5	44,56,108,112,156,159,169,171,177
08/A4	I+II	1,2,3,5	10,35,38,44,46,57
08/A4	I+II	1,2,3,5	36,56,108,112,156,159,169,177,186
09/B2	I+II	1,2,3,5	9,56,138,320
09/B2	I+II	1,2,3,5	34,56,78,172
09/B2	I+II	1,2,3,5	9,56,143,151,156,164
05/E1	I+II	1,2,3,5	8,167,171,172,175,185,217
05/E1	I+II	1,2,3,5	52,69,185,189,217
05/E1	I+II	1,2,3,5	116,119,146,171,172,184,185,195,217,218,231
03/D2	I+II	1,2,3,5	5,6,9,50,56,84,128,156,158,169,171,172,185,209,217,246,291
03/D2	I+II	1,2,3,5	9,128,130,154,171,172,185,209
03/D2	I+II	1,2,3,5	1,5,6,56,130,156,158,171,172,185,217
