settore06-M1	I+II	1,2,3,5,60,173,186,58,160,175,221,188,176,189,219,4,163,215,216	0.804	0.858	0.830
settore06-M1	I	1,2,3,5,60,173,186,58,160,175,221,188,176,189,219,4,163,215,216	0.785	0.803	0.794
settore06-M1	II	1,2,3,5,60,173,186,58,160,175,221,188,176,189,219,4,163,215,216	0.812	0.883	0.846
settore02-C1	I+II	1,2,3,5,60,173,186,58,160,175,221,188,176,189,219,4,163,215,216	0.726	0.839	0.778
settore02-C1	I	1,2,3,5,60,173,186,58,160,175,221,188,176,189,219,4,163,215,216	0.789	0.852	0.819
settore02-C1	II	1,2,3,5,60,173,186,58,160,175,221,188,176,189,219,4,163,215,216	0.692	0.849	0.763
settore14-D1	I+II	1,2,3,5,60,173,186,58,160,175,221,188,176,189,219,4,163,215,216	0.787	0.803	0.795
settore14-D1	I	1,2,3,5,60,173,186,58,160,175,221,188,176,189,219,4,163,215,216	0.755	0.771	0.763
settore14-D1	II	1,2,3,5,60,173,186,58,160,175,221,188,176,189,219,4,163,215,216	0.821	0.853	0.837
settore05-C1	I+II	1,2,3,5,60,173,186,58,160,175,221,188,176,189,219,4,163,215,216	0.727	0.832	0.776
settore05-C1	I	1,2,3,5,60,173,186,58,160,175,221,188,176,189,219,4,163,215,216	0.556	0.682	0.612
settore05-C1	II	1,2,3,5,60,173,186,58,160,175,221,188,176,189,219,4,163,215,216	0.704	0.807	0.752
settore07-H3	I+II	1,2,3,5,60,173,186,58,160,175,221,188,176,189,219,4,163,215,216	0.556	0.556	0.556
settore07-H3	I	1,2,3,5,60,173,186,58,160,175,221,188,176,189,219,4,163,215,216	0.308	0.333	0.320
settore07-H3	II	1,2,3,5,60,173,186,58,160,175,221,188,176,189,219,4,163,215,216	0.522	0.500	0.511
settore06-D3	I+II	1,2,3,5,60,173,186,58,160,175,221,188,176,189,219,4,163,215,216	0.723	0.770	0.746
settore06-D3	I	1,2,3,5,60,173,186,58,160,175,221,188,176,189,219,4,163,215,216	0.699	0.765	0.730
settore06-D3	II	1,2,3,5,60,173,186,58,160,175,221,188,176,189,219,4,163,215,216	0.707	0.739	0.722
settore01-A3	I+II	1,2,3,5,60,173,186,58,160,175,221,188,176,189,219,4,163,215,216	0.689	0.665	0.677
settore01-A3	I	1,2,3,5,60,173,186,58,160,175,221,188,176,189,219,4,163,215,216	0.662	0.566	0.610
settore01-A3	II	1,2,3,5,60,173,186,58,160,175,221,188,176,189,219,4,163,215,216	0.688	0.660	0.674
settore01-A2	I+II	1,2,3,5,60,173,186,58,160,175,221,188,176,189,219,4,163,215,216	0.604	0.586	0.595
settore01-A2	I	1,2,3,5,60,173,186,58,160,175,221,188,176,189,219,4,163,215,216	0.578	0.640	0.608
settore01-A2	II	1,2,3,5,60,173,186,58,160,175,221,188,176,189,219,4,163,215,216	0.573	0.596	0.584
settore06-C1	I+II	1,2,3,5,60,173,186,58,160,175,221,188,176,189,219,4,163,215,216	0.683	0.769	0.723
settore06-C1	I	1,2,3,5,60,173,186,58,160,175,221,188,176,189,219,4,163,215,216	0.533	0.563	0.547
settore06-C1	II	1,2,3,5,60,173,186,58,160,175,221,188,176,189,219,4,163,215,216	0.677	0.816	0.740
settore06-E1	I+II	1,2,3,5,60,173,186,58,160,175,221,188,176,189,219,4,163,215,216	0.714	0.794	0.752
settore06-E1	I	1,2,3,5,60,173,186,58,160,175,221,188,176,189,219,4,163,215,216	0.747	0.824	0.783
settore06-E1	II	1,2,3,5,60,173,186,58,160,175,221,188,176,189,219,4,163,215,216	0.709	0.785	0.745
settore09-G2	I+II	1,2,3,5,60,173,186,58,160,175,221,188,176,189,219,4,163,215,216	0.826	0.853	0.839
settore09-G2	I	1,2,3,5,60,173,186,58,160,175,221,188,176,189,219,4,163,215,216	0.769	0.784	0.777
settore09-G2	II	1,2,3,5,60,173,186,58,160,175,221,188,176,189,219,4,163,215,216	0.798	0.867	0.831
settore02-B2	I+II	1,2,3,5,60,173,186,58,160,175,221,188,176,189,219,4,163,215,216	0.650	0.630	0.640
settore02-B2	I	1,2,3,5,60,173,186,58,160,175,221,188,176,189,219,4,163,215,216	0.581	0.543	0.562
settore02-B2	II	1,2,3,5,60,173,186,58,160,175,221,188,176,189,219,4,163,215,216	0.613	0.613	0.613
settore04-A4	I+II	1,2,3,5,60,173,186,58,160,175,221,188,176,189,219,4,163,215,216	0.780	0.889	0.831
settore04-A4	I	1,2,3,5,60,173,186,58,160,175,221,188,176,189,219,4,163,215,216	0.804	0.860	0.831
settore04-A4	II	1,2,3,5,60,173,186,58,160,175,221,188,176,189,219,4,163,215,216	0.790	0.883	0.834
settore13-D1	I+II	1,2,3,5,60,173,186,58,160,175,221,188,176,189,219,4,163,215,216	0.759	0.796	0.777
settore13-D1	I	1,2,3,5,60,173,186,58,160,175,221,188,176,189,219,4,163,215,216	0.807	0.770	0.788
settore13-D1	II	1,2,3,5,60,173,186,58,160,175,221,188,176,189,219,4,163,215,216	0.746	0.791	0.768
settore13-A4	I+II	1,2,3,5,60,173,186,58,160,175,221,188,176,189,219,4,163,215,216	0.713	0.810	0.758
settore13-A4	I	1,2,3,5,60,173,186,58,160,175,221,188,176,189,219,4,163,215,216	0.762	0.824	0.792
settore13-A4	II	1,2,3,5,60,173,186,58,160,175,221,188,176,189,219,4,163,215,216	0.705	0.782	0.741
settore13-A5	I+II	1,2,3,5,60,173,186,58,160,175,221,188,176,189,219,4,163,215,216	0.553	0.491	0.520
settore13-A5	I	1,2,3,5,60,173,186,58,160,175,221,188,176,189,219,4,163,215,216	0.467	0.412	0.437
settore13-A5	II	1,2,3,5,60,173,186,58,160,175,221,188,176,189,219,4,163,215,216	0.526	0.556	0.541
settore13-A2	I+II	1,2,3,5,60,173,186,58,160,175,221,188,176,189,219,4,163,215,216	0.614	0.625	0.619
settore13-A2	I	1,2,3,5,60,173,186,58,160,175,221,188,176,189,219,4,163,215,216	0.573	0.554	0.564
settore13-A2	II	1,2,3,5,60,173,186,58,160,175,221,188,176,189,219,4,163,215,216	0.558	0.508	0.532
settore06-N1	I+II	1,2,3,5,60,173,186,58,160,175,221,188,176,189,219,4,163,215,216	0.831	0.901	0.865
settore06-N1	I	1,2,3,5,60,173,186,58,160,175,221,188,176,189,219,4,163,215,216	0.857	0.857	0.857
settore06-N1	II	1,2,3,5,60,173,186,58,160,175,221,188,176,189,219,4,163,215,216	0.822	0.929	0.872
settore06-D6	I+II	1,2,3,5,60,173,186,58,160,175,221,188,176,189,219,4,163,215,216	0.683	0.783	0.730
settore06-D6	I	1,2,3,5,60,173,186,58,160,175,221,188,176,189,219,4,163,215,216	0.647	0.759	0.698
settore06-D6	II	1,2,3,5,60,173,186,58,160,175,221,188,176,189,219,4,163,215,216	0.649	0.747	0.695
settore06-F4	I+II	1,2,3,5,60,173,186,58,160,175,221,188,176,189,219,4,163,215,216	0.815	0.874	0.844
settore06-F4	I	1,2,3,5,60,173,186,58,160,175,221,188,176,189,219,4,163,215,216	0.761	0.856	0.806
settore06-F4	II	1,2,3,5,60,173,186,58,160,175,221,188,176,189,219,4,163,215,216	0.778	0.853	0.813
settore12-H3	I+II	1,2,3,5,60,173,186,58,160,175,221,188,176,189,219,4,163,215,216	0.615	0.621	0.618
settore12-H3	I	1,2,3,5,60,173,186,58,160,175,221,188,176,189,219,4,163,215,216	0.625	0.556	0.588
settore12-H3	II	1,2,3,5,60,173,186,58,160,175,221,188,176,189,219,4,163,215,216	0.692	0.701	0.697
settore12-E1	I+II	1,2,3,5,60,173,186,58,160,175,221,188,176,189,219,4,163,215,216	0.775	0.780	0.777
settore12-E1	I	1,2,3,5,60,173,186,58,160,175,221,188,176,189,219,4,163,215,216	0.650	0.634	0.642
settore12-E1	II	1,2,3,5,60,173,186,58,160,175,221,188,176,189,219,4,163,215,216	0.815	0.856	0.835
settore06-D4	I+II	1,2,3,5,60,173,186,58,160,175,221,188,176,189,219,4,163,215,216	0.587	0.575	0.581
settore06-D4	I	1,2,3,5,60,173,186,58,160,175,221,188,176,189,219,4,163,215,216	0.436	0.395	0.415
settore06-D4	II	1,2,3,5,60,173,186,58,160,175,221,188,176,189,219,4,163,215,216	0.615	0.650	0.632
settore05-A2	I+II	1,2,3,5,60,173,186,58,160,175,221,188,176,189,219,4,163,215,216	0.661	0.750	0.703
settore05-A2	I	1,2,3,5,60,173,186,58,160,175,221,188,176,189,219,4,163,215,216	0.542	0.722	0.619
settore05-A2	II	1,2,3,5,60,173,186,58,160,175,221,188,176,189,219,4,163,215,216	0.711	0.794	0.750
settore05-A1	I+II	1,2,3,5,60,173,186,58,160,175,221,188,176,189,219,4,163,215,216	0.762	0.809	0.785
settore05-A1	I	1,2,3,5,60,173,186,58,160,175,221,188,176,189,219,4,163,215,216	0.657	0.667	0.662
settore05-A1	II	1,2,3,5,60,173,186,58,160,175,221,188,176,189,219,4,163,215,216	0.750	0.837	0.791
settore10-H1	I+II	1,2,3,5,60,173,186,58,160,175,221,188,176,189,219,4,163,215,216	0.548	0.597	0.571
settore10-H1	I	1,2,3,5,60,173,186,58,160,175,221,188,176,189,219,4,163,215,216	0.438	0.538	0.483
settore10-H1	II	1,2,3,5,60,173,186,58,160,175,221,188,176,189,219,4,163,215,216	0.554	0.667	0.605
settore13-D2	I+II	1,2,3,5,60,173,186,58,160,175,221,188,176,189,219,4,163,215,216	0.684	0.741	0.711
settore13-D2	I	1,2,3,5,60,173,186,58,160,175,221,188,176,189,219,4,163,215,216	0.697	0.639	0.667
settore13-D2	II	1,2,3,5,60,173,186,58,160,175,221,188,176,189,219,4,163,215,216	0.693	0.722	0.707
settore11-E4	I+II	1,2,3,5,60,173,186,58,160,175,221,188,176,189,219,4,163,215,216	0.876	0.931	0.903
settore11-E4	I	1,2,3,5,60,173,186,58,160,175,221,188,176,189,219,4,163,215,216	0.896	0.878	0.887
settore11-E4	II	1,2,3,5,60,173,186,58,160,175,221,188,176,189,219,4,163,215,216	0.888	0.925	0.906
settore11-E1	I+II	1,2,3,5,60,173,186,58,160,175,221,188,176,189,219,4,163,215,216	0.636	0.695	0.664
settore11-E1	I	1,2,3,5,60,173,186,58,160,175,221,188,176,189,219,4,163,215,216	0.770	0.770	0.770
settore11-E1	II	1,2,3,5,60,173,186,58,160,175,221,188,176,189,219,4,163,215,216	0.590	0.667	0.626
settore11-E3	I+II	1,2,3,5,60,173,186,58,160,175,221,188,176,189,219,4,163,215,216	0.822	0.856	0.839
settore11-E3	I	1,2,3,5,60,173,186,58,160,175,221,188,176,189,219,4,163,215,216	0.800	0.784	0.792
settore11-E3	II	1,2,3,5,60,173,186,58,160,175,221,188,176,189,219,4,163,215,216	0.812	0.819	0.815
settore11-E2	I+II	1,2,3,5,60,173,186,58,160,175,221,188,176,189,219,4,163,215,216	0.869	0.901	0.885
settore11-E2	I	1,2,3,5,60,173,186,58,160,175,221,188,176,189,219,4,163,215,216	0.878	0.750	0.809
settore11-E2	II	1,2,3,5,60,173,186,58,160,175,221,188,176,189,219,4,163,215,216	0.862	0.868	0.865
settore11-D1	I+II	1,2,3,5,60,173,186,58,160,175,221,188,176,189,219,4,163,215,216	0.847	0.888	0.867
settore11-D1	I	1,2,3,5,60,173,186,58,160,175,221,188,176,189,219,4,163,215,216	0.883	0.883	0.883
settore11-D1	II	1,2,3,5,60,173,186,58,160,175,221,188,176,189,219,4,163,215,216	0.847	0.901	0.873
settore11-D2	I+II	1,2,3,5,60,173,186,58,160,175,221,188,176,189,219,4,163,215,216	0.880	0.906	0.893
settore11-D2	I	1,2,3,5,60,173,186,58,160,175,221,188,176,189,219,4,163,215,216	0.866	0.922	0.893
settore11-D2	II	1,2,3,5,60,173,186,58,160,175,221,188,176,189,219,4,163,215,216	0.892	0.874	0.883
settore14-C1	I+II	1,2,3,5,60,173,186,58,160,175,221,188,176,189,219,4,163,215,216	0.870	0.919	0.894
settore14-C1	I	1,2,3,5,60,173,186,58,160,175,221,188,176,189,219,4,163,215,216	0.838	0.824	0.831
settore14-C1	II	1,2,3,5,60,173,186,58,160,175,221,188,176,189,219,4,163,215,216	0.873	0.912	0.892
settore07-H2	I+II	1,2,3,5,60,173,186,58,160,175,221,188,176,189,219,4,163,215,216	0.651	0.683	0.667
settore07-H2	I	1,2,3,5,60,173,186,58,160,175,221,188,176,189,219,4,163,215,216	0.636	0.636	0.636
settore07-H2	II	1,2,3,5,60,173,186,58,160,175,221,188,176,189,219,4,163,215,216	0.581	0.600	0.590
settore07-H4	I+II	1,2,3,5,60,173,186,58,160,175,221,188,176,189,219,4,163,215,216	0.632	0.750	0.686
settore07-H4	I	1,2,3,5,60,173,186,58,160,175,221,188,176,189,219,4,163,215,216	0.778	0.875	0.824
settore07-H4	II	1,2,3,5,60,173,186,58,160,175,221,188,176,189,219,4,163,215,216	0.625	0.625	0.625
settore05-B2	I+II	1,2,3,5,60,173,186,58,160,175,221,188,176,189,219,4,163,215,216	0.734	0.823	0.776
settore05-B2	I	1,2,3,5,60,173,186,58,160,175,221,188,176,189,219,4,163,215,216	0.790	0.860	0.824
settore05-B2	II	1,2,3,5,60,173,186,58,160,175,221,188,176,189,219,4,163,215,216	0.742	0.794	0.767
settore10-B1	I+II	1,2,3,5,60,173,186,58,160,175,221,188,176,189,219,4,163,215,216	0.779	0.880	0.826
settore10-B1	I	1,2,3,5,60,173,186,58,160,175,221,188,176,189,219,4,163,215,216	0.787	0.806	0.797
settore10-B1	II	1,2,3,5,60,173,186,58,160,175,221,188,176,189,219,4,163,215,216	0.774	0.883	0.825
settore09-B1	I+II	1,2,3,5,60,173,186,58,160,175,221,188,176,189,219,4,163,215,216	0.741	0.800	0.769
settore09-B1	I	1,2,3,5,60,173,186,58,160,175,221,188,176,189,219,4,163,215,216	0.600	0.600	0.600
settore09-B1	II	1,2,3,5,60,173,186,58,160,175,221,188,176,189,219,4,163,215,216	0.533	0.533	0.533
settore13-B1	I+II	1,2,3,5,60,173,186,58,160,175,221,188,176,189,219,4,163,215,216	0.706	0.776	0.739
settore13-B1	I	1,2,3,5,60,173,186,58,160,175,221,188,176,189,219,4,163,215,216	0.706	0.738	0.722
settore13-B1	II	1,2,3,5,60,173,186,58,160,175,221,188,176,189,219,4,163,215,216	0.669	0.738	0.702
settore05-F1	I+II	1,2,3,5,60,173,186,58,160,175,221,188,176,189,219,4,163,215,216	0.602	0.314	0.413
settore05-F1	I	1,2,3,5,60,173,186,58,160,175,221,188,176,189,219,4,163,215,216	0.294	0.152	0.200
settore05-F1	II	1,2,3,5,60,173,186,58,160,175,221,188,176,189,219,4,163,215,216	0.670	0.362	0.470
settore06-A2	I+II	1,2,3,5,60,173,186,58,160,175,221,188,176,189,219,4,163,215,216	0.774	0.868	0.818
settore06-A2	I	1,2,3,5,60,173,186,58,160,175,221,188,176,189,219,4,163,215,216	0.728	0.759	0.743
settore06-A2	II	1,2,3,5,60,173,186,58,160,175,221,188,176,189,219,4,163,215,216	0.797	0.894	0.843
settore06-A3	I+II	1,2,3,5,60,173,186,58,160,175,221,188,176,189,219,4,163,215,216	0.789	0.839	0.813
settore06-A3	I	1,2,3,5,60,173,186,58,160,175,221,188,176,189,219,4,163,215,216	0.845	0.833	0.839
settore06-A3	II	1,2,3,5,60,173,186,58,160,175,221,188,176,189,219,4,163,215,216	0.821	0.815	0.818
settore05-E2	I+II	1,2,3,5,60,173,186,58,160,175,221,188,176,189,219,4,163,215,216	0.694	0.854	0.766
settore05-E2	I	1,2,3,5,60,173,186,58,160,175,221,188,176,189,219,4,163,215,216	0.642	0.769	0.700
settore05-E2	II	1,2,3,5,60,173,186,58,160,175,221,188,176,189,219,4,163,215,216	0.715	0.866	0.783
settore05-I1	I+II	1,2,3,5,60,173,186,58,160,175,221,188,176,189,219,4,163,215,216	0.872	0.921	0.896
settore05-I1	I	1,2,3,5,60,173,186,58,160,175,221,188,176,189,219,4,163,215,216	0.879	0.901	0.890
settore05-I1	II	1,2,3,5,60,173,186,58,160,175,221,188,176,189,219,4,163,215,216	0.862	0.911	0.886
settore09-G1	I+II	1,2,3,5,60,173,186,58,160,175,221,188,176,189,219,4,163,215,216	0.627	0.711	0.667
settore09-G1	I	1,2,3,5,60,173,186,58,160,175,221,188,176,189,219,4,163,215,216	0.778	0.700	0.737
settore09-G1	II	1,2,3,5,60,173,186,58,160,175,221,188,176,189,219,4,163,215,216	0.622	0.657	0.639
settore02-B1	I+II	1,2,3,5,60,173,186,58,160,175,221,188,176,189,219,4,163,215,216	0.560	0.468	0.509
settore02-B1	I	1,2,3,5,60,173,186,58,160,175,221,188,176,189,219,4,163,215,216	0.528	0.543	0.535
settore02-B1	II	1,2,3,5,60,173,186,58,160,175,221,188,176,189,219,4,163,215,216	0.558	0.481	0.516
settore08-A2	I+II	1,2,3,5,60,173,186,58,160,175,221,188,176,189,219,4,163,215,216	0.842	0.881	0.861
settore08-A2	I	1,2,3,5,60,173,186,58,160,175,221,188,176,189,219,4,163,215,216	0.837	0.911	0.872
settore08-A2	II	1,2,3,5,60,173,186,58,160,175,221,188,176,189,219,4,163,215,216	0.827	0.811	0.819
settore04-A3	I+II	1,2,3,5,60,173,186,58,160,175,221,188,176,189,219,4,163,215,216	0.766	0.835	0.799
settore04-A3	I	1,2,3,5,60,173,186,58,160,175,221,188,176,189,219,4,163,215,216	0.783	0.818	0.800
settore04-A3	II	1,2,3,5,60,173,186,58,160,175,221,188,176,189,219,4,163,215,216	0.688	0.818	0.747
settore01-A5	I+II	1,2,3,5,60,173,186,58,160,175,221,188,176,189,219,4,163,215,216	0.768	0.778	0.773
settore01-A5	I	1,2,3,5,60,173,186,58,160,175,221,188,176,189,219,4,163,215,216	0.652	0.625	0.638
settore01-A5	II	1,2,3,5,60,173,186,58,160,175,221,188,176,189,219,4,163,215,216	0.782	0.754	0.768
settore10-M1	I+II	1,2,3,5,60,173,186,58,160,175,221,188,176,189,219,4,163,215,216	0.595	0.617	0.606
settore10-M1	I	1,2,3,5,60,173,186,58,160,175,221,188,176,189,219,4,163,215,216	0.486	0.474	0.480
settore10-M1	II	1,2,3,5,60,173,186,58,160,175,221,188,176,189,219,4,163,215,216	0.595	0.681	0.635
settore03-C2	I+II	1,2,3,5,60,173,186,58,160,175,221,188,176,189,219,4,163,215,216	0.639	0.676	0.657
settore03-C2	I	1,2,3,5,60,173,186,58,160,175,221,188,176,189,219,4,163,215,216	0.654	0.654	0.654
settore03-C2	II	1,2,3,5,60,173,186,58,160,175,221,188,176,189,219,4,163,215,216	0.622	0.667	0.644
settore03-A2	I+II	1,2,3,5,60,173,186,58,160,175,221,188,176,189,219,4,163,215,216	0.647	0.707	0.676
settore03-A2	I	1,2,3,5,60,173,186,58,160,175,221,188,176,189,219,4,163,215,216	0.648	0.648	0.648
settore03-A2	II	1,2,3,5,60,173,186,58,160,175,221,188,176,189,219,4,163,215,216	0.650	0.714	0.680
settore03-A1	I+II	1,2,3,5,60,173,186,58,160,175,221,188,176,189,219,4,163,215,216	0.664	0.754	0.706
settore03-A1	I	1,2,3,5,60,173,186,58,160,175,221,188,176,189,219,4,163,215,216	0.741	0.714	0.727
settore03-A1	II	1,2,3,5,60,173,186,58,160,175,221,188,176,189,219,4,163,215,216	0.678	0.755	0.714
settore11-C5	I+II	1,2,3,5,60,173,186,58,160,175,221,188,176,189,219,4,163,215,216	0.741	0.850	0.792
settore11-C5	I	1,2,3,5,60,173,186,58,160,175,221,188,176,189,219,4,163,215,216	0.736	0.726	0.731
settore11-C5	II	1,2,3,5,60,173,186,58,160,175,221,188,176,189,219,4,163,215,216	0.723	0.886	0.796
settore11-C4	I+II	1,2,3,5,60,173,186,58,160,175,221,188,176,189,219,4,163,215,216	0.713	0.799	0.753
settore11-C4	I	1,2,3,5,60,173,186,58,160,175,221,188,176,189,219,4,163,215,216	0.826	0.792	0.809
settore11-C4	II	1,2,3,5,60,173,186,58,160,175,221,188,176,189,219,4,163,215,216	0.697	0.786	0.739
settore11-C3	I+II	1,2,3,5,60,173,186,58,160,175,221,188,176,189,219,4,163,215,216	0.699	0.839	0.763
settore11-C3	I	1,2,3,5,60,173,186,58,160,175,221,188,176,189,219,4,163,215,216	0.765	0.684	0.722
settore11-C3	II	1,2,3,5,60,173,186,58,160,175,221,188,176,189,219,4,163,215,216	0.646	0.796	0.713
settore11-C1	I+II	1,2,3,5,60,173,186,58,160,175,221,188,176,189,219,4,163,215,216	0.698	0.832	0.759
settore11-C1	I	1,2,3,5,60,173,186,58,160,175,221,188,176,189,219,4,163,215,216	0.688	0.647	0.667
settore11-C1	II	1,2,3,5,60,173,186,58,160,175,221,188,176,189,219,4,163,215,216	0.714	0.866	0.783
settore05-G1	I+II	1,2,3,5,60,173,186,58,160,175,221,188,176,189,219,4,163,215,216	0.855	0.889	0.872
settore05-G1	I	1,2,3,5,60,173,186,58,160,175,221,188,176,189,219,4,163,215,216	0.796	0.812	0.804
settore05-G1	II	1,2,3,5,60,173,186,58,160,175,221,188,176,189,219,4,163,215,216	0.846	0.889	0.867
settore09-H1	I+II	1,2,3,5,60,173,186,58,160,175,221,188,176,189,219,4,163,215,216	0.754	0.803	0.778
settore09-H1	I	1,2,3,5,60,173,186,58,160,175,221,188,176,189,219,4,163,215,216	0.766	0.780	0.773
settore09-H1	II	1,2,3,5,60,173,186,58,160,175,221,188,176,189,219,4,163,215,216	0.739	0.814	0.775
settore03-C1	I+II	1,2,3,5,60,173,186,58,160,175,221,188,176,189,219,4,163,215,216	0.682	0.711	0.696
settore03-C1	I	1,2,3,5,60,173,186,58,160,175,221,188,176,189,219,4,163,215,216	0.656	0.690	0.672
settore03-C1	II	1,2,3,5,60,173,186,58,160,175,221,188,176,189,219,4,163,215,216	0.642	0.648	0.645
settore11-B1	I+II	1,2,3,5,60,173,186,58,160,175,221,188,176,189,219,4,163,215,216	0.611	0.675	0.642
settore11-B1	I	1,2,3,5,60,173,186,58,160,175,221,188,176,189,219,4,163,215,216	0.621	0.545	0.581
settore11-B1	II	1,2,3,5,60,173,186,58,160,175,221,188,176,189,219,4,163,215,216	0.559	0.642	0.598
settore11-A3	I+II	1,2,3,5,60,173,186,58,160,175,221,188,176,189,219,4,163,215,216	0.712	0.835	0.769
settore11-A3	I	1,2,3,5,60,173,186,58,160,175,221,188,176,189,219,4,163,215,216	0.720	0.711	0.715
settore11-A3	II	1,2,3,5,60,173,186,58,160,175,221,188,176,189,219,4,163,215,216	0.706	0.837	0.766
settore13-B2	I+II	1,2,3,5,60,173,186,58,160,175,221,188,176,189,219,4,163,215,216	0.822	0.819	0.820
settore13-B2	I	1,2,3,5,60,173,186,58,160,175,221,188,176,189,219,4,163,215,216	0.802	0.862	0.831
settore13-B2	II	1,2,3,5,60,173,186,58,160,175,221,188,176,189,219,4,163,215,216	0.796	0.818	0.807
settore13-B3	I+II	1,2,3,5,60,173,186,58,160,175,221,188,176,189,219,4,163,215,216	0.800	0.831	0.815
settore13-B3	I	1,2,3,5,60,173,186,58,160,175,221,188,176,189,219,4,163,215,216	0.872	0.810	0.840
settore13-B3	II	1,2,3,5,60,173,186,58,160,175,221,188,176,189,219,4,163,215,216	0.787	0.841	0.813
settore13-A1	I+II	1,2,3,5,60,173,186,58,160,175,221,188,176,189,219,4,163,215,216	0.671	0.745	0.706
settore13-A1	I	1,2,3,5,60,173,186,58,160,175,221,188,176,189,219,4,163,215,216	0.718	0.701	0.709
settore13-A1	II	1,2,3,5,60,173,186,58,160,175,221,188,176,189,219,4,163,215,216	0.691	0.751	0.720
settore09-B3	I+II	1,2,3,5,60,173,186,58,160,175,221,188,176,189,219,4,163,215,216	0.765	0.813	0.788
settore09-B3	I	1,2,3,5,60,173,186,58,160,175,221,188,176,189,219,4,163,215,216	0.550	0.579	0.564
settore09-B3	II	1,2,3,5,60,173,186,58,160,175,221,188,176,189,219,4,163,215,216	0.780	0.867	0.821
settore12-F1	I+II	1,2,3,5,60,173,186,58,160,175,221,188,176,189,219,4,163,215,216	0.743	0.765	0.754
settore12-F1	I	1,2,3,5,60,173,186,58,160,175,221,188,176,189,219,4,163,215,216	0.667	0.571	0.615
settore12-F1	II	1,2,3,5,60,173,186,58,160,175,221,188,176,189,219,4,163,215,216	0.776	0.809	0.792
settore13-C1	I+II	1,2,3,5,60,173,186,58,160,175,221,188,176,189,219,4,163,215,216	0.636	0.694	0.664
settore13-C1	I	1,2,3,5,60,173,186,58,160,175,221,188,176,189,219,4,163,215,216	0.692	0.659	0.675
settore13-C1	II	1,2,3,5,60,173,186,58,160,175,221,188,176,189,219,4,163,215,216	0.577	0.672	0.621
settore10-N3	I+II	1,2,3,5,60,173,186,58,160,175,221,188,176,189,219,4,163,215,216	0.618	0.689	0.651
settore10-N3	I	1,2,3,5,60,173,186,58,160,175,221,188,176,189,219,4,163,215,216	0.611	0.611	0.611
settore10-N3	II	1,2,3,5,60,173,186,58,160,175,221,188,176,189,219,4,163,215,216	0.542	0.605	0.571
settore14-B2	I+II	1,2,3,5,60,173,186,58,160,175,221,188,176,189,219,4,163,215,216	0.472	0.538	0.503
settore14-B2	I	1,2,3,5,60,173,186,58,160,175,221,188,176,189,219,4,163,215,216	0.500	0.476	0.488
settore14-B2	II	1,2,3,5,60,173,186,58,160,175,221,188,176,189,219,4,163,215,216	0.486	0.632	0.550
settore09-D3	I+II	1,2,3,5,60,173,186,58,160,175,221,188,176,189,219,4,163,215,216	0.661	0.740	0.698
settore09-D3	I	1,2,3,5,60,173,186,58,160,175,221,188,176,189,219,4,163,215,216	0.571	0.600	0.585
settore09-D3	II	1,2,3,5,60,173,186,58,160,175,221,188,176,189,219,4,163,215,216	0.793	0.767	0.780
settore06-E2	I+II	1,2,3,5,60,173,186,58,160,175,221,188,176,189,219,4,163,215,216	0.741	0.826	0.781
settore06-E2	I	1,2,3,5,60,173,186,58,160,175,221,188,176,189,219,4,163,215,216	0.675	0.659	0.667
settore06-E2	II	1,2,3,5,60,173,186,58,160,175,221,188,176,189,219,4,163,215,216	0.719	0.806	0.760
settore09-C2	I+II	1,2,3,5,60,173,186,58,160,175,221,188,176,189,219,4,163,215,216	0.707	0.728	0.717
settore09-C2	I	1,2,3,5,60,173,186,58,160,175,221,188,176,189,219,4,163,215,216	0.654	0.630	0.642
settore09-C2	II	1,2,3,5,60,173,186,58,160,175,221,188,176,189,219,4,163,215,216	0.736	0.826	0.779
settore07-H5	I+II	1,2,3,5,60,173,186,58,160,175,221,188,176,189,219,4,163,215,216	0.407	0.423	0.415
settore07-H5	I	1,2,3,5,60,173,186,58,160,175,221,188,176,189,219,4,163,215,216	0.636	0.636	0.636
settore07-H5	II	1,2,3,5,60,173,186,58,160,175,221,188,176,189,219,4,163,215,216	0.278	0.333	0.303
settore11-C2	I+II	1,2,3,5,60,173,186,58,160,175,221,188,176,189,219,4,163,215,216	0.655	0.756	0.702
settore11-C2	I	1,2,3,5,60,173,186,58,160,175,221,188,176,189,219,4,163,215,216	0.704	0.717	0.710
settore11-C2	II	1,2,3,5,60,173,186,58,160,175,221,188,176,189,219,4,163,215,216	0.701	0.780	0.738
settore10-D4	I+II	1,2,3,5,60,173,186,58,160,175,221,188,176,189,219,4,163,215,216	0.624	0.747	0.680
settore10-D4	I	1,2,3,5,60,173,186,58,160,175,221,188,176,189,219,4,163,215,216	0.600	0.675	0.635
settore10-D4	II	1,2,3,5,60,173,186,58,160,175,221,188,176,189,219,4,163,215,216	0.667	0.763	0.711
settore08-C1	I+II	1,2,3,5,60,173,186,58,160,175,221,188,176,189,219,4,163,215,216	0.841	0.814	0.827
settore08-C1	I	1,2,3,5,60,173,186,58,160,175,221,188,176,189,219,4,163,215,216	0.709	0.675	0.691
settore08-C1	II	1,2,3,5,60,173,186,58,160,175,221,188,176,189,219,4,163,215,216	0.836	0.843	0.839
settore08-F1	I+II	1,2,3,5,60,173,186,58,160,175,221,188,176,189,219,4,163,215,216	0.703	0.772	0.736
settore08-F1	I	1,2,3,5,60,173,186,58,160,175,221,188,176,189,219,4,163,215,216	0.678	0.678	0.678
settore08-F1	II	1,2,3,5,60,173,186,58,160,175,221,188,176,189,219,4,163,215,216	0.672	0.782	0.723
settore08-D1	I+II	1,2,3,5,60,173,186,58,160,175,221,188,176,189,219,4,163,215,216	0.874	0.915	0.894
settore08-D1	I	1,2,3,5,60,173,186,58,160,175,221,188,176,189,219,4,163,215,216	0.882	0.894	0.888
settore08-D1	II	1,2,3,5,60,173,186,58,160,175,221,188,176,189,219,4,163,215,216	0.872	0.906	0.889
settore01-A4	I+II	1,2,3,5,60,173,186,58,160,175,221,188,176,189,219,4,163,215,216	0.738	0.775	0.756
settore01-A4	I	1,2,3,5,60,173,186,58,160,175,221,188,176,189,219,4,163,215,216	0.692	0.659	0.675
settore01-A4	II	1,2,3,5,60,173,186,58,160,175,221,188,176,189,219,4,163,215,216	0.683	0.800	0.737
settore14-C2	I+II	1,2,3,5,60,173,186,58,160,175,221,188,176,189,219,4,163,215,216	0.849	0.883	0.866
settore14-C2	I	1,2,3,5,60,173,186,58,160,175,221,188,176,189,219,4,163,215,216	0.788	0.774	0.781
settore14-C2	II	1,2,3,5,60,173,186,58,160,175,221,188,176,189,219,4,163,215,216	0.889	0.917	0.903
settore10-C1	I+II	1,2,3,5,60,173,186,58,160,175,221,188,176,189,219,4,163,215,216	0.788	0.827	0.807
settore10-C1	I	1,2,3,5,60,173,186,58,160,175,221,188,176,189,219,4,163,215,216	0.734	0.725	0.730
settore10-C1	II	1,2,3,5,60,173,186,58,160,175,221,188,176,189,219,4,163,215,216	0.788	0.878	0.831
settore01-A1	I+II	1,2,3,5,60,173,186,58,160,175,221,188,176,189,219,4,163,215,216	0.653	0.717	0.684
settore01-A1	I	1,2,3,5,60,173,186,58,160,175,221,188,176,189,219,4,163,215,216	0.660	0.674	0.667
settore01-A1	II	1,2,3,5,60,173,186,58,160,175,221,188,176,189,219,4,163,215,216	0.521	0.543	0.532
settore08-E1	I+II	1,2,3,5,60,173,186,58,160,175,221,188,176,189,219,4,163,215,216	0.759	0.821	0.789
settore08-E1	I	1,2,3,5,60,173,186,58,160,175,221,188,176,189,219,4,163,215,216	0.771	0.750	0.761
settore08-E1	II	1,2,3,5,60,173,186,58,160,175,221,188,176,189,219,4,163,215,216	0.738	0.806	0.771
settore02-A2	I+II	1,2,3,5,60,173,186,58,160,175,221,188,176,189,219,4,163,215,216	0.493	0.276	0.354
settore02-A2	I	1,2,3,5,60,173,186,58,160,175,221,188,176,189,219,4,163,215,216	0.449	0.319	0.373
settore02-A2	II	1,2,3,5,60,173,186,58,160,175,221,188,176,189,219,4,163,215,216	0.375	0.167	0.231
settore10-F1	I+II	1,2,3,5,60,173,186,58,160,175,221,188,176,189,219,4,163,215,216	0.804	0.880	0.840
settore10-F1	I	1,2,3,5,60,173,186,58,160,175,221,188,176,189,219,4,163,215,216	0.761	0.795	0.778
settore10-F1	II	1,2,3,5,60,173,186,58,160,175,221,188,176,189,219,4,163,215,216	0.803	0.889	0.844
settore07-A1	I+II	1,2,3,5,60,173,186,58,160,175,221,188,176,189,219,4,163,215,216	0.573	0.632	0.601
settore07-A1	I	1,2,3,5,60,173,186,58,160,175,221,188,176,189,219,4,163,215,216	0.545	0.545	0.545
settore07-A1	II	1,2,3,5,60,173,186,58,160,175,221,188,176,189,219,4,163,215,216	0.512	0.600	0.553
settore09-E4	I+II	1,2,3,5,60,173,186,58,160,175,221,188,176,189,219,4,163,215,216	0.785	0.832	0.808
settore09-E4	I	1,2,3,5,60,173,186,58,160,175,221,188,176,189,219,4,163,215,216	0.744	0.784	0.763
settore09-E4	II	1,2,3,5,60,173,186,58,160,175,221,188,176,189,219,4,163,215,216	0.818	0.844	0.831
settore03-B2	I+II	1,2,3,5,60,173,186,58,160,175,221,188,176,189,219,4,163,215,216	0.500	0.426	0.460
settore03-B2	I	1,2,3,5,60,173,186,58,160,175,221,188,176,189,219,4,163,215,216	0.462	0.462	0.462
settore03-B2	II	1,2,3,5,60,173,186,58,160,175,221,188,176,189,219,4,163,215,216	0.528	0.396	0.452
settore02-B3	I+II	1,2,3,5,60,173,186,58,160,175,221,188,176,189,219,4,163,215,216	0.810	0.892	0.849
settore02-B3	I	1,2,3,5,60,173,186,58,160,175,221,188,176,189,219,4,163,215,216	0.794	0.843	0.818
settore02-B3	II	1,2,3,5,60,173,186,58,160,175,221,188,176,189,219,4,163,215,216	0.805	0.885	0.843
settore09-D1	I+II	1,2,3,5,60,173,186,58,160,175,221,188,176,189,219,4,163,215,216	0.884	0.932	0.908
settore09-D1	I	1,2,3,5,60,173,186,58,160,175,221,188,176,189,219,4,163,215,216	0.931	0.912	0.922
settore09-D1	II	1,2,3,5,60,173,186,58,160,175,221,188,176,189,219,4,163,215,216	0.876	0.935	0.904
settore10-F3	I+II	1,2,3,5,60,173,186,58,160,175,221,188,176,189,219,4,163,215,216	0.654	0.729	0.690
settore10-F3	I	1,2,3,5,60,173,186,58,160,175,221,188,176,189,219,4,163,215,216	0.865	0.842	0.853
settore10-F3	II	1,2,3,5,60,173,186,58,160,175,221,188,176,189,219,4,163,215,216	0.529	0.638	0.578
settore12-G2	I+II	1,2,3,5,60,173,186,58,160,175,221,188,176,189,219,4,163,215,216	0.658	0.750	0.701
settore12-G2	I	1,2,3,5,60,173,186,58,160,175,221,188,176,189,219,4,163,215,216	0.714	0.789	0.750
settore12-G2	II	1,2,3,5,60,173,186,58,160,175,221,188,176,189,219,4,163,215,216	0.733	0.733	0.733
settore08-A3	I+II	1,2,3,5,60,173,186,58,160,175,221,188,176,189,219,4,163,215,216	0.788	0.852	0.819
settore08-A3	I	1,2,3,5,60,173,186,58,160,175,221,188,176,189,219,4,163,215,216	0.766	0.800	0.783
settore08-A3	II	1,2,3,5,60,173,186,58,160,175,221,188,176,189,219,4,163,215,216	0.779	0.779	0.779
settore04-A1	I+II	1,2,3,5,60,173,186,58,160,175,221,188,176,189,219,4,163,215,216	0.652	0.667	0.659
settore04-A1	I	1,2,3,5,60,173,186,58,160,175,221,188,176,189,219,4,163,215,216	0.684	0.709	0.696
settore04-A1	II	1,2,3,5,60,173,186,58,160,175,221,188,176,189,219,4,163,215,216	0.632	0.649	0.640
settore14-A2	I+II	1,2,3,5,60,173,186,58,160,175,221,188,176,189,219,4,163,215,216	0.742	0.782	0.762
settore14-A2	I	1,2,3,5,60,173,186,58,160,175,221,188,176,189,219,4,163,215,216	0.773	0.680	0.723
settore14-A2	II	1,2,3,5,60,173,186,58,160,175,221,188,176,189,219,4,163,215,216	0.763	0.763	0.763
settore09-E1	I+II	1,2,3,5,60,173,186,58,160,175,221,188,176,189,219,4,163,215,216	0.709	0.726	0.718
settore09-E1	I	1,2,3,5,60,173,186,58,160,175,221,188,176,189,219,4,163,215,216	0.606	0.690	0.645
settore09-E1	II	1,2,3,5,60,173,186,58,160,175,221,188,176,189,219,4,163,215,216	0.741	0.782	0.761
settore06-A4	I+II	1,2,3,5,60,173,186,58,160,175,221,188,176,189,219,4,163,215,216	0.602	0.644	0.622
settore06-A4	I	1,2,3,5,60,173,186,58,160,175,221,188,176,189,219,4,163,215,216	0.614	0.750	0.675
settore06-A4	II	1,2,3,5,60,173,186,58,160,175,221,188,176,189,219,4,163,215,216	0.596	0.667	0.630
settore08-B1	I+II	1,2,3,5,60,173,186,58,160,175,221,188,176,189,219,4,163,215,216	0.528	0.528	0.528
settore08-B1	I	1,2,3,5,60,173,186,58,160,175,221,188,176,189,219,4,163,215,216	0.467	0.500	0.483
settore08-B1	II	1,2,3,5,60,173,186,58,160,175,221,188,176,189,219,4,163,215,216	0.429	0.409	0.419
settore02-A1	I+II	1,2,3,5,60,173,186,58,160,175,221,188,176,189,219,4,163,215,216	0.456	0.330	0.383
settore02-A1	I	1,2,3,5,60,173,186,58,160,175,221,188,176,189,219,4,163,215,216	0.414	0.438	0.426
settore02-A1	II	1,2,3,5,60,173,186,58,160,175,221,188,176,189,219,4,163,215,216	0.167	0.029	0.049
settore09-D2	I+II	1,2,3,5,60,173,186,58,160,175,221,188,176,189,219,4,163,215,216	0.744	0.847	0.792
settore09-D2	I	1,2,3,5,60,173,186,58,160,175,221,188,176,189,219,4,163,215,216	0.583	0.667	0.622
settore09-D2	II	1,2,3,5,60,173,186,58,160,175,221,188,176,189,219,4,163,215,216	0.720	0.706	0.713
settore01-B1	I+II	1,2,3,5,60,173,186,58,160,175,221,188,176,189,219,4,163,215,216	0.773	0.827	0.799
settore01-B1	I	1,2,3,5,60,173,186,58,160,175,221,188,176,189,219,4,163,215,216	0.816	0.845	0.830
settore01-B1	II	1,2,3,5,60,173,186,58,160,175,221,188,176,189,219,4,163,215,216	0.702	0.781	0.739
settore01-A6	I+II	1,2,3,5,60,173,186,58,160,175,221,188,176,189,219,4,163,215,216	0.569	0.592	0.580
settore01-A6	I	1,2,3,5,60,173,186,58,160,175,221,188,176,189,219,4,163,215,216	0.706	0.545	0.615
settore01-A6	II	1,2,3,5,60,173,186,58,160,175,221,188,176,189,219,4,163,215,216	0.520	0.481	0.500
settore11-A2	I+II	1,2,3,5,60,173,186,58,160,175,221,188,176,189,219,4,163,215,216	0.703	0.799	0.748
settore11-A2	I	1,2,3,5,60,173,186,58,160,175,221,188,176,189,219,4,163,215,216	0.729	0.717	0.723
settore11-A2	II	1,2,3,5,60,173,186,58,160,175,221,188,176,189,219,4,163,215,216	0.741	0.833	0.784
settore13-B4	I+II	1,2,3,5,60,173,186,58,160,175,221,188,176,189,219,4,163,215,216	0.551	0.607	0.578
settore13-B4	I	1,2,3,5,60,173,186,58,160,175,221,188,176,189,219,4,163,215,216	0.610	0.625	0.617
settore13-B4	II	1,2,3,5,60,173,186,58,160,175,221,188,176,189,219,4,163,215,216	0.606	0.642	0.623
settore06-I1	I+II	1,2,3,5,60,173,186,58,160,175,221,188,176,189,219,4,163,215,216	0.641	0.732	0.683
settore06-I1	I	1,2,3,5,60,173,186,58,160,175,221,188,176,189,219,4,163,215,216	0.549	0.683	0.609
settore06-I1	II	1,2,3,5,60,173,186,58,160,175,221,188,176,189,219,4,163,215,216	0.612	0.685	0.646
settore05-H2	I+II	1,2,3,5,60,173,186,58,160,175,221,188,176,189,219,4,163,215,216	0.852	0.909	0.880
settore05-H2	I	1,2,3,5,60,173,186,58,160,175,221,188,176,189,219,4,163,215,216	0.784	0.833	0.808
settore05-H2	II	1,2,3,5,60,173,186,58,160,175,221,188,176,189,219,4,163,215,216	0.828	0.906	0.865
settore06-H1	I+II	1,2,3,5,60,173,186,58,160,175,221,188,176,189,219,4,163,215,216	0.695	0.761	0.727
settore06-H1	I	1,2,3,5,60,173,186,58,160,175,221,188,176,189,219,4,163,215,216	0.686	0.795	0.737
settore06-H1	II	1,2,3,5,60,173,186,58,160,175,221,188,176,189,219,4,163,215,216	0.687	0.781	0.731
settore06-F3	I+II	1,2,3,5,60,173,186,58,160,175,221,188,176,189,219,4,163,215,216	0.450	0.290	0.353
settore06-F3	I	1,2,3,5,60,173,186,58,160,175,221,188,176,189,219,4,163,215,216	0.200	0.167	0.182
settore06-F3	II	1,2,3,5,60,173,186,58,160,175,221,188,176,189,219,4,163,215,216	0.500	0.360	0.419
settore03-B1	I+II	1,2,3,5,60,173,186,58,160,175,221,188,176,189,219,4,163,215,216	0.650	0.638	0.644
settore03-B1	I	1,2,3,5,60,173,186,58,160,175,221,188,176,189,219,4,163,215,216	0.348	0.333	0.340
settore03-B1	II	1,2,3,5,60,173,186,58,160,175,221,188,176,189,219,4,163,215,216	0.702	0.728	0.715
settore12-A1	I+II	1,2,3,5,60,173,186,58,160,175,221,188,176,189,219,4,163,215,216	0.750	0.809	0.778
settore12-A1	I	1,2,3,5,60,173,186,58,160,175,221,188,176,189,219,4,163,215,216	0.735	0.791	0.762
settore12-A1	II	1,2,3,5,60,173,186,58,160,175,221,188,176,189,219,4,163,215,216	0.776	0.807	0.791
settore07-D1	I+II	1,2,3,5,60,173,186,58,160,175,221,188,176,189,219,4,163,215,216	0.657	0.707	0.681
settore07-D1	I	1,2,3,5,60,173,186,58,160,175,221,188,176,189,219,4,163,215,216	0.588	0.667	0.625
settore07-D1	II	1,2,3,5,60,173,186,58,160,175,221,188,176,189,219,4,163,215,216	0.641	0.766	0.698
settore06-F1	I+II	1,2,3,5,60,173,186,58,160,175,221,188,176,189,219,4,163,215,216	0.731	0.837	0.780
settore06-F1	I	1,2,3,5,60,173,186,58,160,175,221,188,176,189,219,4,163,215,216	0.716	0.774	0.744
settore06-F1	II	1,2,3,5,60,173,186,58,160,175,221,188,176,189,219,4,163,215,216	0.680	0.747	0.712
settore10-A1	I+II	1,2,3,5,60,173,186,58,160,175,221,188,176,189,219,4,163,215,216	0.648	0.742	0.692
settore10-A1	I	1,2,3,5,60,173,186,58,160,175,221,188,176,189,219,4,163,215,216	0.636	0.600	0.618
settore10-A1	II	1,2,3,5,60,173,186,58,160,175,221,188,176,189,219,4,163,215,216	0.640	0.693	0.665
settore07-F1	I+II	1,2,3,5,60,173,186,58,160,175,221,188,176,189,219,4,163,215,216	0.868	0.917	0.892
settore07-F1	I	1,2,3,5,60,173,186,58,160,175,221,188,176,189,219,4,163,215,216	0.929	0.963	0.945
settore07-F1	II	1,2,3,5,60,173,186,58,160,175,221,188,176,189,219,4,163,215,216	0.905	0.938	0.921
settore05-B1	I+II	1,2,3,5,60,173,186,58,160,175,221,188,176,189,219,4,163,215,216	0.793	0.847	0.819
settore05-B1	I	1,2,3,5,60,173,186,58,160,175,221,188,176,189,219,4,163,215,216	0.827	0.827	0.827
settore05-B1	II	1,2,3,5,60,173,186,58,160,175,221,188,176,189,219,4,163,215,216	0.786	0.867	0.824
settore12-B1	I+II	1,2,3,5,60,173,186,58,160,175,221,188,176,189,219,4,163,215,216	0.759	0.789	0.774
settore12-B1	I	1,2,3,5,60,173,186,58,160,175,221,188,176,189,219,4,163,215,216	0.640	0.667	0.653
settore12-B1	II	1,2,3,5,60,173,186,58,160,175,221,188,176,189,219,4,163,215,216	0.790	0.852	0.820
settore09-C1	I+II	1,2,3,5,60,173,186,58,160,175,221,188,176,189,219,4,163,215,216	0.851	0.860	0.855
settore09-C1	I	1,2,3,5,60,173,186,58,160,175,221,188,176,189,219,4,163,215,216	0.789	0.750	0.769
settore09-C1	II	1,2,3,5,60,173,186,58,160,175,221,188,176,189,219,4,163,215,216	0.735	0.758	0.746
settore05-D1	I+II	1,2,3,5,60,173,186,58,160,175,221,188,176,189,219,4,163,215,216	0.743	0.810	0.775
settore05-D1	I	1,2,3,5,60,173,186,58,160,175,221,188,176,189,219,4,163,215,216	0.663	0.726	0.693
settore05-D1	II	1,2,3,5,60,173,186,58,160,175,221,188,176,189,219,4,163,215,216	0.725	0.794	0.758
settore14-A1	I+II	1,2,3,5,60,173,186,58,160,175,221,188,176,189,219,4,163,215,216	0.687	0.826	0.750
settore14-A1	I	1,2,3,5,60,173,186,58,160,175,221,188,176,189,219,4,163,215,216	0.677	0.677	0.677
settore14-A1	II	1,2,3,5,60,173,186,58,160,175,221,188,176,189,219,4,163,215,216	0.662	0.814	0.730
settore10-N1	I+II	1,2,3,5,60,173,186,58,160,175,221,188,176,189,219,4,163,215,216	0.708	0.795	0.749
settore10-N1	I	1,2,3,5,60,173,186,58,160,175,221,188,176,189,219,4,163,215,216	0.767	0.793	0.780
settore10-N1	II	1,2,3,5,60,173,186,58,160,175,221,188,176,189,219,4,163,215,216	0.656	0.743	0.697
settore10-D2	I+II	1,2,3,5,60,173,186,58,160,175,221,188,176,189,219,4,163,215,216	0.519	0.635	0.571
settore10-D2	I	1,2,3,5,60,173,186,58,160,175,221,188,176,189,219,4,163,215,216	0.600	0.571	0.585
settore10-D2	II	1,2,3,5,60,173,186,58,160,175,221,188,176,189,219,4,163,215,216	0.459	0.531	0.493
settore08-E2	I+II	1,2,3,5,60,173,186,58,160,175,221,188,176,189,219,4,163,215,216	0.779	0.894	0.832
settore08-E2	I	1,2,3,5,60,173,186,58,160,175,221,188,176,189,219,4,163,215,216	0.764	0.739	0.751
settore08-E2	II	1,2,3,5,60,173,186,58,160,175,221,188,176,189,219,4,163,215,216	0.770	0.867	0.816
settore06-F2	I+II	1,2,3,5,60,173,186,58,160,175,221,188,176,189,219,4,163,215,216	0.874	0.918	0.896
settore06-F2	I	1,2,3,5,60,173,186,58,160,175,221,188,176,189,219,4,163,215,216	0.794	0.871	0.831
settore06-F2	II	1,2,3,5,60,173,186,58,160,175,221,188,176,189,219,4,163,215,216	0.882	0.896	0.889
settore04-A2	I+II	1,2,3,5,60,173,186,58,160,175,221,188,176,189,219,4,163,215,216	0.584	0.702	0.637
settore04-A2	I	1,2,3,5,60,173,186,58,160,175,221,188,176,189,219,4,163,215,216	0.660	0.660	0.660
settore04-A2	II	1,2,3,5,60,173,186,58,160,175,221,188,176,189,219,4,163,215,216	0.628	0.761	0.688
settore03-D1	I+II	1,2,3,5,60,173,186,58,160,175,221,188,176,189,219,4,163,215,216	0.748	0.778	0.762
settore03-D1	I	1,2,3,5,60,173,186,58,160,175,221,188,176,189,219,4,163,215,216	0.746	0.770	0.758
settore03-D1	II	1,2,3,5,60,173,186,58,160,175,221,188,176,189,219,4,163,215,216	0.775	0.781	0.778
settore08-B3	I+II	1,2,3,5,60,173,186,58,160,175,221,188,176,189,219,4,163,215,216	0.760	0.777	0.768
settore08-B3	I	1,2,3,5,60,173,186,58,160,175,221,188,176,189,219,4,163,215,216	0.771	0.771	0.771
settore08-B3	II	1,2,3,5,60,173,186,58,160,175,221,188,176,189,219,4,163,215,216	0.786	0.746	0.765
settore10-G1	I+II	1,2,3,5,60,173,186,58,160,175,221,188,176,189,219,4,163,215,216	0.707	0.766	0.736
settore10-G1	I	1,2,3,5,60,173,186,58,160,175,221,188,176,189,219,4,163,215,216	0.672	0.672	0.672
settore10-G1	II	1,2,3,5,60,173,186,58,160,175,221,188,176,189,219,4,163,215,216	0.715	0.807	0.759
settore06-D5	I+II	1,2,3,5,60,173,186,58,160,175,221,188,176,189,219,4,163,215,216	0.633	0.667	0.649
settore06-D5	I	1,2,3,5,60,173,186,58,160,175,221,188,176,189,219,4,163,215,216	0.680	0.739	0.708
settore06-D5	II	1,2,3,5,60,173,186,58,160,175,221,188,176,189,219,4,163,215,216	0.542	0.615	0.577
settore06-G1	I+II	1,2,3,5,60,173,186,58,160,175,221,188,176,189,219,4,163,215,216	0.731	0.762	0.746
settore06-G1	I	1,2,3,5,60,173,186,58,160,175,221,188,176,189,219,4,163,215,216	0.667	0.740	0.701
settore06-G1	II	1,2,3,5,60,173,186,58,160,175,221,188,176,189,219,4,163,215,216	0.700	0.766	0.732
settore07-E1	I+II	1,2,3,5,60,173,186,58,160,175,221,188,176,189,219,4,163,215,216	0.623	0.651	0.637
settore07-E1	I	1,2,3,5,60,173,186,58,160,175,221,188,176,189,219,4,163,215,216	0.675	0.675	0.675
settore07-E1	II	1,2,3,5,60,173,186,58,160,175,221,188,176,189,219,4,163,215,216	0.632	0.696	0.662
settore07-B2	I+II	1,2,3,5,60,173,186,58,160,175,221,188,176,189,219,4,163,215,216	0.658	0.721	0.688
settore07-B2	I	1,2,3,5,60,173,186,58,160,175,221,188,176,189,219,4,163,215,216	0.593	0.667	0.627
settore07-B2	II	1,2,3,5,60,173,186,58,160,175,221,188,176,189,219,4,163,215,216	0.660	0.775	0.713
settore09-E2	I+II	1,2,3,5,60,173,186,58,160,175,221,188,176,189,219,4,163,215,216	0.661	0.673	0.667
settore09-E2	I	1,2,3,5,60,173,186,58,160,175,221,188,176,189,219,4,163,215,216	0.600	0.667	0.632
settore09-E2	II	1,2,3,5,60,173,186,58,160,175,221,188,176,189,219,4,163,215,216	0.714	0.811	0.759
settore10-D3	I+II	1,2,3,5,60,173,186,58,160,175,221,188,176,189,219,4,163,215,216	0.752	0.779	0.765
settore10-D3	I	1,2,3,5,60,173,186,58,160,175,221,188,176,189,219,4,163,215,216	0.731	0.633	0.679
settore10-D3	II	1,2,3,5,60,173,186,58,160,175,221,188,176,189,219,4,163,215,216	0.736	0.807	0.770
settore08-B2	I+II	1,2,3,5,60,173,186,58,160,175,221,188,176,189,219,4,163,215,216	0.800	0.766	0.783
settore08-B2	I	1,2,3,5,60,173,186,58,160,175,221,188,176,189,219,4,163,215,216	0.718	0.700	0.709
settore08-B2	II	1,2,3,5,60,173,186,58,160,175,221,188,176,189,219,4,163,215,216	0.792	0.704	0.745
settore13-A3	I+II	1,2,3,5,60,173,186,58,160,175,221,188,176,189,219,4,163,215,216	0.658	0.713	0.684
settore13-A3	I	1,2,3,5,60,173,186,58,160,175,221,188,176,189,219,4,163,215,216	0.528	0.528	0.528
settore13-A3	II	1,2,3,5,60,173,186,58,160,175,221,188,176,189,219,4,163,215,216	0.671	0.708	0.689
settore06-D1	I+II	1,2,3,5,60,173,186,58,160,175,221,188,176,189,219,4,163,215,216	0.779	0.854	0.814
settore06-D1	I	1,2,3,5,60,173,186,58,160,175,221,188,176,189,219,4,163,215,216	0.811	0.837	0.824
settore06-D1	II	1,2,3,5,60,173,186,58,160,175,221,188,176,189,219,4,163,215,216	0.730	0.819	0.772
settore12-C2	I+II	1,2,3,5,60,173,186,58,160,175,221,188,176,189,219,4,163,215,216	0.605	0.622	0.613
settore12-C2	I	1,2,3,5,60,173,186,58,160,175,221,188,176,189,219,4,163,215,216	0.583	0.636	0.609
settore12-C2	II	1,2,3,5,60,173,186,58,160,175,221,188,176,189,219,4,163,215,216	0.720	0.692	0.706
settore11-A1	I+II	1,2,3,5,60,173,186,58,160,175,221,188,176,189,219,4,163,215,216	0.731	0.803	0.765
settore11-A1	I	1,2,3,5,60,173,186,58,160,175,221,188,176,189,219,4,163,215,216	0.700	0.700	0.700
settore11-A1	II	1,2,3,5,60,173,186,58,160,175,221,188,176,189,219,4,163,215,216	0.769	0.804	0.786
settore09-A1	I+II	1,2,3,5,60,173,186,58,160,175,221,188,176,189,219,4,163,215,216	0.679	0.744	0.710
settore09-A1	I	1,2,3,5,60,173,186,58,160,175,221,188,176,189,219,4,163,215,216	0.647	0.564	0.603
settore09-A1	II	1,2,3,5,60,173,186,58,160,175,221,188,176,189,219,4,163,215,216	0.667	0.721	0.693
settore11-A5	I+II	1,2,3,5,60,173,186,58,160,175,221,188,176,189,219,4,163,215,216	0.733	0.840	0.783
settore11-A5	I	1,2,3,5,60,173,186,58,160,175,221,188,176,189,219,4,163,215,216	0.700	0.656	0.677
settore11-A5	II	1,2,3,5,60,173,186,58,160,175,221,188,176,189,219,4,163,215,216	0.737	0.848	0.789
settore13-D3	I+II	1,2,3,5,60,173,186,58,160,175,221,188,176,189,219,4,163,215,216	0.743	0.798	0.769
settore13-D3	I	1,2,3,5,60,173,186,58,160,175,221,188,176,189,219,4,163,215,216	0.643	0.667	0.655
settore13-D3	II	1,2,3,5,60,173,186,58,160,175,221,188,176,189,219,4,163,215,216	0.779	0.896	0.833
settore12-H2	I+II	1,2,3,5,60,173,186,58,160,175,221,188,176,189,219,4,163,215,216	0.571	0.526	0.548
settore12-H2	I	1,2,3,5,60,173,186,58,160,175,221,188,176,189,219,4,163,215,216	0.667	0.667	0.667
settore12-H2	II	1,2,3,5,60,173,186,58,160,175,221,188,176,189,219,4,163,215,216	0.500	0.478	0.489
settore10-E1	I+II	1,2,3,5,60,173,186,58,160,175,221,188,176,189,219,4,163,215,216	0.611	0.695	0.650
settore10-E1	I	1,2,3,5,60,173,186,58,160,175,221,188,176,189,219,4,163,215,216	0.542	0.565	0.553
settore10-E1	II	1,2,3,5,60,173,186,58,160,175,221,188,176,189,219,4,163,215,216	0.604	0.764	0.675
settore10-F2	I+II	1,2,3,5,60,173,186,58,160,175,221,188,176,189,219,4,163,215,216	0.759	0.850	0.802
settore10-F2	I	1,2,3,5,60,173,186,58,160,175,221,188,176,189,219,4,163,215,216	0.796	0.765	0.780
settore10-F2	II	1,2,3,5,60,173,186,58,160,175,221,188,176,189,219,4,163,215,216	0.715	0.831	0.769
settore12-C1	I+II	1,2,3,5,60,173,186,58,160,175,221,188,176,189,219,4,163,215,216	0.769	0.780	0.775
settore12-C1	I	1,2,3,5,60,173,186,58,160,175,221,188,176,189,219,4,163,215,216	0.695	0.745	0.719
settore12-C1	II	1,2,3,5,60,173,186,58,160,175,221,188,176,189,219,4,163,215,216	0.796	0.807	0.801
settore12-D1	I+II	1,2,3,5,60,173,186,58,160,175,221,188,176,189,219,4,163,215,216	0.804	0.829	0.816
settore12-D1	I	1,2,3,5,60,173,186,58,160,175,221,188,176,189,219,4,163,215,216	0.797	0.671	0.728
settore12-D1	II	1,2,3,5,60,173,186,58,160,175,221,188,176,189,219,4,163,215,216	0.797	0.845	0.820
settore12-H1	I+II	1,2,3,5,60,173,186,58,160,175,221,188,176,189,219,4,163,215,216	0.556	0.541	0.548
settore12-H1	I	1,2,3,5,60,173,186,58,160,175,221,188,176,189,219,4,163,215,216	0.600	0.600	0.600
settore12-H1	II	1,2,3,5,60,173,186,58,160,175,221,188,176,189,219,4,163,215,216	0.273	0.273	0.273
settore08-A1	I+II	1,2,3,5,60,173,186,58,160,175,221,188,176,189,219,4,163,215,216	0.746	0.739	0.742
settore08-A1	I	1,2,3,5,60,173,186,58,160,175,221,188,176,189,219,4,163,215,216	0.711	0.659	0.684
settore08-A1	II	1,2,3,5,60,173,186,58,160,175,221,188,176,189,219,4,163,215,216	0.726	0.716	0.721
settore09-E3	I+II	1,2,3,5,60,173,186,58,160,175,221,188,176,189,219,4,163,215,216	0.833	0.853	0.843
settore09-E3	I	1,2,3,5,60,173,186,58,160,175,221,188,176,189,219,4,163,215,216	0.886	0.886	0.886
settore09-E3	II	1,2,3,5,60,173,186,58,160,175,221,188,176,189,219,4,163,215,216	0.758	0.752	0.755
settore07-F2	I+II	1,2,3,5,60,173,186,58,160,175,221,188,176,189,219,4,163,215,216	0.538	0.656	0.592
settore07-F2	I	1,2,3,5,60,173,186,58,160,175,221,188,176,189,219,4,163,215,216	0.600	0.545	0.571
settore07-F2	II	1,2,3,5,60,173,186,58,160,175,221,188,176,189,219,4,163,215,216	0.545	0.571	0.558
settore12-E3	I+II	1,2,3,5,60,173,186,58,160,175,221,188,176,189,219,4,163,215,216	0.698	0.779	0.736
settore12-E3	I	1,2,3,5,60,173,186,58,160,175,221,188,176,189,219,4,163,215,216	0.686	0.615	0.649
settore12-E3	II	1,2,3,5,60,173,186,58,160,175,221,188,176,189,219,4,163,215,216	0.667	0.800	0.727
settore13-B5	I+II	1,2,3,5,60,173,186,58,160,175,221,188,176,189,219,4,163,215,216	0.725	0.763	0.744
settore13-B5	I	1,2,3,5,60,173,186,58,160,175,221,188,176,189,219,4,163,215,216	0.700	0.500	0.583
settore13-B5	II	1,2,3,5,60,173,186,58,160,175,221,188,176,189,219,4,163,215,216	0.731	0.792	0.760
settore12-D2	I+II	1,2,3,5,60,173,186,58,160,175,221,188,176,189,219,4,163,215,216	0.848	0.886	0.867
settore12-D2	I	1,2,3,5,60,173,186,58,160,175,221,188,176,189,219,4,163,215,216	0.800	0.800	0.800
settore12-D2	II	1,2,3,5,60,173,186,58,160,175,221,188,176,189,219,4,163,215,216	0.884	0.897	0.891
settore12-G1	I+II	1,2,3,5,60,173,186,58,160,175,221,188,176,189,219,4,163,215,216	0.686	0.753	0.718
settore12-G1	I	1,2,3,5,60,173,186,58,160,175,221,188,176,189,219,4,163,215,216	0.714	0.750	0.732
settore12-G1	II	1,2,3,5,60,173,186,58,160,175,221,188,176,189,219,4,163,215,216	0.747	0.767	0.757
settore05-H1	I+II	1,2,3,5,60,173,186,58,160,175,221,188,176,189,219,4,163,215,216	0.689	0.813	0.746
settore05-H1	I	1,2,3,5,60,173,186,58,160,175,221,188,176,189,219,4,163,215,216	0.593	0.696	0.640
settore05-H1	II	1,2,3,5,60,173,186,58,160,175,221,188,176,189,219,4,163,215,216	0.680	0.798	0.735
settore06-D2	I+II	1,2,3,5,60,173,186,58,160,175,221,188,176,189,219,4,163,215,216	0.713	0.778	0.744
settore06-D2	I	1,2,3,5,60,173,186,58,160,175,221,188,176,189,219,4,163,215,216	0.551	0.692	0.614
settore06-D2	II	1,2,3,5,60,173,186,58,160,175,221,188,176,189,219,4,163,215,216	0.713	0.763	0.737
settore06-B1	I+II	1,2,3,5,60,173,186,58,160,175,221,188,176,189,219,4,163,215,216	0.774	0.887	0.827
settore06-B1	I	1,2,3,5,60,173,186,58,160,175,221,188,176,189,219,4,163,215,216	0.772	0.845	0.807
settore06-B1	II	1,2,3,5,60,173,186,58,160,175,221,188,176,189,219,4,163,215,216	0.804	0.845	0.824
settore06-M2	I+II	1,2,3,5,60,173,186,58,160,175,221,188,176,189,219,4,163,215,216	0.788	0.837	0.812
settore06-M2	I	1,2,3,5,60,173,186,58,160,175,221,188,176,189,219,4,163,215,216	0.781	0.781	0.781
settore06-M2	II	1,2,3,5,60,173,186,58,160,175,221,188,176,189,219,4,163,215,216	0.779	0.833	0.805
settore06-E3	I+II	1,2,3,5,60,173,186,58,160,175,221,188,176,189,219,4,163,215,216	0.622	0.541	0.579
settore06-E3	I	1,2,3,5,60,173,186,58,160,175,221,188,176,189,219,4,163,215,216	0.750	0.667	0.706
settore06-E3	II	1,2,3,5,60,173,186,58,160,175,221,188,176,189,219,4,163,215,216	0.532	0.510	0.521
settore11-A4	I+II	1,2,3,5,60,173,186,58,160,175,221,188,176,189,219,4,163,215,216	0.816	0.883	0.848
settore11-A4	I	1,2,3,5,60,173,186,58,160,175,221,188,176,189,219,4,163,215,216	0.833	0.820	0.826
settore11-A4	II	1,2,3,5,60,173,186,58,160,175,221,188,176,189,219,4,163,215,216	0.792	0.891	0.838
settore06-L1	I+II	1,2,3,5,60,173,186,58,160,175,221,188,176,189,219,4,163,215,216	0.805	0.870	0.836
settore06-L1	I	1,2,3,5,60,173,186,58,160,175,221,188,176,189,219,4,163,215,216	0.833	0.849	0.841
settore06-L1	II	1,2,3,5,60,173,186,58,160,175,221,188,176,189,219,4,163,215,216	0.806	0.882	0.843
settore14-B1	I+II	1,2,3,5,60,173,186,58,160,175,221,188,176,189,219,4,163,215,216	0.708	0.792	0.748
settore14-B1	I	1,2,3,5,60,173,186,58,160,175,221,188,176,189,219,4,163,215,216	0.500	0.467	0.483
settore14-B1	II	1,2,3,5,60,173,186,58,160,175,221,188,176,189,219,4,163,215,216	0.729	0.825	0.774
settore07-B1	I+II	1,2,3,5,60,173,186,58,160,175,221,188,176,189,219,4,163,215,216	0.752	0.775	0.763
settore07-B1	I	1,2,3,5,60,173,186,58,160,175,221,188,176,189,219,4,163,215,216	0.667	0.667	0.667
settore07-B1	II	1,2,3,5,60,173,186,58,160,175,221,188,176,189,219,4,163,215,216	0.756	0.810	0.782
settore07-C1	I+II	1,2,3,5,60,173,186,58,160,175,221,188,176,189,219,4,163,215,216	0.718	0.782	0.748
settore07-C1	I	1,2,3,5,60,173,186,58,160,175,221,188,176,189,219,4,163,215,216	0.550	0.478	0.512
settore07-C1	II	1,2,3,5,60,173,186,58,160,175,221,188,176,189,219,4,163,215,216	0.768	0.782	0.775
settore10-D1	I+II	1,2,3,5,60,173,186,58,160,175,221,188,176,189,219,4,163,215,216	0.750	0.842	0.794
settore10-D1	I	1,2,3,5,60,173,186,58,160,175,221,188,176,189,219,4,163,215,216	0.767	0.767	0.767
settore10-D1	II	1,2,3,5,60,173,186,58,160,175,221,188,176,189,219,4,163,215,216	0.815	0.871	0.842
settore09-A3	I+II	1,2,3,5,60,173,186,58,160,175,221,188,176,189,219,4,163,215,216	0.659	0.615	0.636
settore09-A3	I	1,2,3,5,60,173,186,58,160,175,221,188,176,189,219,4,163,215,216	0.636	0.618	0.627
settore09-A3	II	1,2,3,5,60,173,186,58,160,175,221,188,176,189,219,4,163,215,216	0.618	0.596	0.607
settore07-G1	I+II	1,2,3,5,60,173,186,58,160,175,221,188,176,189,219,4,163,215,216	0.704	0.779	0.740
settore07-G1	I	1,2,3,5,60,173,186,58,160,175,221,188,176,189,219,4,163,215,216	0.520	0.591	0.553
settore07-G1	II	1,2,3,5,60,173,186,58,160,175,221,188,176,189,219,4,163,215,216	0.718	0.744	0.731
settore10-I1	I+II	1,2,3,5,60,173,186,58,160,175,221,188,176,189,219,4,163,215,216	0.582	0.630	0.605
settore10-I1	I	1,2,3,5,60,173,186,58,160,175,221,188,176,189,219,4,163,215,216	0.579	0.524	0.550
settore10-I1	II	1,2,3,5,60,173,186,58,160,175,221,188,176,189,219,4,163,215,216	0.596	0.596	0.596
settore10-M2	I+II	1,2,3,5,60,173,186,58,160,175,221,188,176,189,219,4,163,215,216	0.638	0.699	0.667
settore10-M2	I	1,2,3,5,60,173,186,58,160,175,221,188,176,189,219,4,163,215,216	0.655	0.655	0.655
settore10-M2	II	1,2,3,5,60,173,186,58,160,175,221,188,176,189,219,4,163,215,216	0.622	0.636	0.629
settore13-D4	I+II	1,2,3,5,60,173,186,58,160,175,221,188,176,189,219,4,163,215,216	0.642	0.652	0.647
settore13-D4	I	1,2,3,5,60,173,186,58,160,175,221,188,176,189,219,4,163,215,216	0.629	0.629	0.629
settore13-D4	II	1,2,3,5,60,173,186,58,160,175,221,188,176,189,219,4,163,215,216	0.627	0.644	0.635
settore09-F2	I+II	1,2,3,5,60,173,186,58,160,175,221,188,176,189,219,4,163,215,216	0.818	0.792	0.805
settore09-F2	I	1,2,3,5,60,173,186,58,160,175,221,188,176,189,219,4,163,215,216	0.758	0.806	0.781
settore09-F2	II	1,2,3,5,60,173,186,58,160,175,221,188,176,189,219,4,163,215,216	0.794	0.835	0.814
settore09-F1	I+II	1,2,3,5,60,173,186,58,160,175,221,188,176,189,219,4,163,215,216	0.809	0.848	0.828
settore09-F1	I	1,2,3,5,60,173,186,58,160,175,221,188,176,189,219,4,163,215,216	0.683	0.718	0.700
settore09-F1	II	1,2,3,5,60,173,186,58,160,175,221,188,176,189,219,4,163,215,216	0.824	0.848	0.836
settore06-A1	I+II	1,2,3,5,60,173,186,58,160,175,221,188,176,189,219,4,163,215,216	0.681	0.760	0.719
settore06-A1	I	1,2,3,5,60,173,186,58,160,175,221,188,176,189,219,4,163,215,216	0.529	0.643	0.581
settore06-A1	II	1,2,3,5,60,173,186,58,160,175,221,188,176,189,219,4,163,215,216	0.710	0.817	0.760
settore12-B2	I+II	1,2,3,5,60,173,186,58,160,175,221,188,176,189,219,4,163,215,216	0.794	0.730	0.761
settore12-B2	I	1,2,3,5,60,173,186,58,160,175,221,188,176,189,219,4,163,215,216	1.000	0.810	0.895
settore12-B2	II	1,2,3,5,60,173,186,58,160,175,221,188,176,189,219,4,163,215,216	0.706	0.679	0.692
settore09-A2	I+II	1,2,3,5,60,173,186,58,160,175,221,188,176,189,219,4,163,215,216	0.667	0.635	0.650
settore09-A2	I	1,2,3,5,60,173,186,58,160,175,221,188,176,189,219,4,163,215,216	0.636	0.667	0.651
settore09-A2	II	1,2,3,5,60,173,186,58,160,175,221,188,176,189,219,4,163,215,216	0.636	0.667	0.651
settore07-H1	I+II	1,2,3,5,60,173,186,58,160,175,221,188,176,189,219,4,163,215,216	0.711	0.643	0.675
settore07-H1	I	1,2,3,5,60,173,186,58,160,175,221,188,176,189,219,4,163,215,216	0.818	0.643	0.720
settore07-H1	II	1,2,3,5,60,173,186,58,160,175,221,188,176,189,219,4,163,215,216	0.536	0.536	0.536
settore12-E2	I+II	1,2,3,5,60,173,186,58,160,175,221,188,176,189,219,4,163,215,216	0.723	0.756	0.739
settore12-E2	I	1,2,3,5,60,173,186,58,160,175,221,188,176,189,219,4,163,215,216	0.824	0.778	0.800
settore12-E2	II	1,2,3,5,60,173,186,58,160,175,221,188,176,189,219,4,163,215,216	0.709	0.769	0.738
settore08-A4	I+II	1,2,3,5,60,173,186,58,160,175,221,188,176,189,219,4,163,215,216	0.723	0.759	0.741
settore08-A4	I	1,2,3,5,60,173,186,58,160,175,221,188,176,189,219,4,163,215,216	0.769	0.800	0.784
settore08-A4	II	1,2,3,5,60,173,186,58,160,175,221,188,176,189,219,4,163,215,216	0.684	0.722	0.703
settore09-B2	I+II	1,2,3,5,60,173,186,58,160,175,221,188,176,189,219,4,163,215,216	0.333	0.313	0.323
settore09-B2	I	1,2,3,5,60,173,186,58,160,175,221,188,176,189,219,4,163,215,216	0.556	0.833	0.667
settore09-B2	II	1,2,3,5,60,173,186,58,160,175,221,188,176,189,219,4,163,215,216	0.286	0.200	0.235
settore05-E1	I+II	1,2,3,5,60,173,186,58,160,175,221,188,176,189,219,4,163,215,216	0.736	0.879	0.801
settore05-E1	I	1,2,3,5,60,173,186,58,160,175,221,188,176,189,219,4,163,215,216	0.692	0.771	0.730
settore05-E1	II	1,2,3,5,60,173,186,58,160,175,221,188,176,189,219,4,163,215,216	0.752	0.854	0.800
settore03-D2	I+II	1,2,3,5,60,173,186,58,160,175,221,188,176,189,219,4,163,215,216	0.644	0.690	0.667
settore03-D2	I	1,2,3,5,60,173,186,58,160,175,221,188,176,189,219,4,163,215,216	0.875	0.700	0.778
settore03-D2	II	1,2,3,5,60,173,186,58,160,175,221,188,176,189,219,4,163,215,216	0.656	0.656	0.656
area01	I+II	1,2,3,5,60,173,186,58,160,175,221,188,176,189,219,4,163,215,216	0.695	0.763	0.727
area01	I	1,2,3,5,60,173,186,58,160,175,221,188,176,189,219,4,163,215,216	0.722	0.774	0.747
area01	II	1,2,3,5,60,173,186,58,160,175,221,188,176,189,219,4,163,215,216	0.687	0.748	0.716
area02	I+II	1,2,3,5,60,173,186,58,160,175,221,188,176,189,219,4,163,215,216	0.603	0.591	0.597
area02	I	1,2,3,5,60,173,186,58,160,175,221,188,176,189,219,4,163,215,216	0.556	0.692	0.617
area02	II	1,2,3,5,60,173,186,58,160,175,221,188,176,189,219,4,163,215,216	0.595	0.602	0.599
area03	I+II	1,2,3,5,60,173,186,58,160,175,221,188,176,189,219,4,163,215,216	0.658	0.645	0.652
area03	I	1,2,3,5,60,173,186,58,160,175,221,188,176,189,219,4,163,215,216	0.631	0.656	0.643
area03	II	1,2,3,5,60,173,186,58,160,175,221,188,176,189,219,4,163,215,216	0.666	0.674	0.670
area04	I+II	1,2,3,5,60,173,186,58,160,175,221,188,176,189,219,4,163,215,216	0.710	0.821	0.762
area04	I	1,2,3,5,60,173,186,58,160,175,221,188,176,189,219,4,163,215,216	0.729	0.802	0.764
area04	II	1,2,3,5,60,173,186,58,160,175,221,188,176,189,219,4,163,215,216	0.675	0.794	0.729
area05	I+II	1,2,3,5,60,173,186,58,160,175,221,188,176,189,219,4,163,215,216	0.701	0.837	0.763
area05	I	1,2,3,5,60,173,186,58,160,175,221,188,176,189,219,4,163,215,216	0.689	0.781	0.732
area05	II	1,2,3,5,60,173,186,58,160,175,221,188,176,189,219,4,163,215,216	0.699	0.838	0.762
area06	I+II	1,2,3,5,60,173,186,58,160,175,221,188,176,189,219,4,163,215,216	0.713	0.852	0.777
Unable to create WEKA_HOME (/home/fpoggi/wekafiles)
Unable to create packages directory (/home/fpoggi/wekafiles/packages)
Unable to create native libs directory (/home/fpoggi/wekafiles/native)
Unable to create repository cache directory (/home/fpoggi/wekafiles/repCache)
area06	I	1,2,3,5,60,173,186,58,160,175,221,188,176,189,219,4,163,215,216	0.719	0.811	0.762
Unable to create WEKA_HOME (/home/fpoggi/wekafiles)
Unable to create packages directory (/home/fpoggi/wekafiles/packages)
Unable to create native libs directory (/home/fpoggi/wekafiles/native)
Unable to create repository cache directory (/home/fpoggi/wekafiles/repCache)
area06	II	1,2,3,5,60,173,186,58,160,175,221,188,176,189,219,4,163,215,216	0.724	0.853	0.783
Unable to create WEKA_HOME (/home/fpoggi/wekafiles)
Unable to create packages directory (/home/fpoggi/wekafiles/packages)
Unable to create native libs directory (/home/fpoggi/wekafiles/native)
Unable to create repository cache directory (/home/fpoggi/wekafiles/repCache)
Unable to create WEKA_HOME (/home/fpoggi/wekafiles)
Unable to create packages directory (/home/fpoggi/wekafiles/packages)
Unable to create native libs directory (/home/fpoggi/wekafiles/native)
Unable to create repository cache directory (/home/fpoggi/wekafiles/repCache)
Unable to create WEKA_HOME (/home/fpoggi/wekafiles)
Unable to create packages directory (/home/fpoggi/wekafiles/packages)
Unable to create native libs directory (/home/fpoggi/wekafiles/native)
Unable to create repository cache directory (/home/fpoggi/wekafiles/repCache)
Unable to create WEKA_HOME (/home/fpoggi/wekafiles)
Unable to create packages directory (/home/fpoggi/wekafiles/packages)
Unable to create native libs directory (/home/fpoggi/wekafiles/native)
Unable to create repository cache directory (/home/fpoggi/wekafiles/repCache)
area07	I+II	1,2,3,5,60,173,186,58,160,175,221,188,176,189,219,4,163,215,216	0.694	0.687	0.690
Unable to create WEKA_HOME (/home/fpoggi/wekafiles)
Unable to create packages directory (/home/fpoggi/wekafiles/packages)
Unable to create native libs directory (/home/fpoggi/wekafiles/native)
Unable to create repository cache directory (/home/fpoggi/wekafiles/repCache)
area07	I	1,2,3,5,60,173,186,58,160,175,221,188,176,189,219,4,163,215,216	0.632	0.588	0.609
Unable to create WEKA_HOME (/home/fpoggi/wekafiles)
Unable to create packages directory (/home/fpoggi/wekafiles/packages)
Unable to create native libs directory (/home/fpoggi/wekafiles/native)
Unable to create repository cache directory (/home/fpoggi/wekafiles/repCache)
area07	II	1,2,3,5,60,173,186,58,160,175,221,188,176,189,219,4,163,215,216	0.665	0.710	0.687
Unable to create WEKA_HOME (/home/fpoggi/wekafiles)
Unable to create packages directory (/home/fpoggi/wekafiles/packages)
Unable to create native libs directory (/home/fpoggi/wekafiles/native)
Unable to create repository cache directory (/home/fpoggi/wekafiles/repCache)
Unable to create WEKA_HOME (/home/fpoggi/wekafiles)
Unable to create packages directory (/home/fpoggi/wekafiles/packages)
Unable to create native libs directory (/home/fpoggi/wekafiles/native)
Unable to create repository cache directory (/home/fpoggi/wekafiles/repCache)
Unable to create WEKA_HOME (/home/fpoggi/wekafiles)
Unable to create packages directory (/home/fpoggi/wekafiles/packages)
Unable to create native libs directory (/home/fpoggi/wekafiles/native)
Unable to create repository cache directory (/home/fpoggi/wekafiles/repCache)
Unable to create WEKA_HOME (/home/fpoggi/wekafiles)
Unable to create packages directory (/home/fpoggi/wekafiles/packages)
Unable to create native libs directory (/home/fpoggi/wekafiles/native)
Unable to create repository cache directory (/home/fpoggi/wekafiles/repCache)
area08	I+II	1,2,3,5,60,173,186,58,160,175,221,188,176,189,219,4,163,215,216	0.790	0.857	0.823
Unable to create WEKA_HOME (/home/fpoggi/wekafiles)
Unable to create packages directory (/home/fpoggi/wekafiles/packages)
Unable to create native libs directory (/home/fpoggi/wekafiles/native)
Unable to create repository cache directory (/home/fpoggi/wekafiles/repCache)
area08	I	1,2,3,5,60,173,186,58,160,175,221,188,176,189,219,4,163,215,216	0.782	0.804	0.793
Unable to create WEKA_HOME (/home/fpoggi/wekafiles)
Unable to create packages directory (/home/fpoggi/wekafiles/packages)
Unable to create native libs directory (/home/fpoggi/wekafiles/native)
Unable to create repository cache directory (/home/fpoggi/wekafiles/repCache)
area08	II	1,2,3,5,60,173,186,58,160,175,221,188,176,189,219,4,163,215,216	0.778	0.850	0.813
Unable to create WEKA_HOME (/home/fpoggi/wekafiles)
Unable to create packages directory (/home/fpoggi/wekafiles/packages)
Unable to create native libs directory (/home/fpoggi/wekafiles/native)
Unable to create repository cache directory (/home/fpoggi/wekafiles/repCache)
Unable to create WEKA_HOME (/home/fpoggi/wekafiles)
Unable to create packages directory (/home/fpoggi/wekafiles/packages)
Unable to create native libs directory (/home/fpoggi/wekafiles/native)
Unable to create repository cache directory (/home/fpoggi/wekafiles/repCache)
Unable to create WEKA_HOME (/home/fpoggi/wekafiles)
Unable to create packages directory (/home/fpoggi/wekafiles/packages)
Unable to create native libs directory (/home/fpoggi/wekafiles/native)
Unable to create repository cache directory (/home/fpoggi/wekafiles/repCache)
Unable to create WEKA_HOME (/home/fpoggi/wekafiles)
Unable to create packages directory (/home/fpoggi/wekafiles/packages)
Unable to create native libs directory (/home/fpoggi/wekafiles/native)
Unable to create repository cache directory (/home/fpoggi/wekafiles/repCache)
area09	I+II	1,2,3,5,60,173,186,58,160,175,221,188,176,189,219,4,163,215,216	0.777	0.796	0.786
Unable to create WEKA_HOME (/home/fpoggi/wekafiles)
Unable to create packages directory (/home/fpoggi/wekafiles/packages)
Unable to create native libs directory (/home/fpoggi/wekafiles/native)
Unable to create repository cache directory (/home/fpoggi/wekafiles/repCache)
area09	I	1,2,3,5,60,173,186,58,160,175,221,188,176,189,219,4,163,215,216	0.756	0.773	0.764
Unable to create WEKA_HOME (/home/fpoggi/wekafiles)
Unable to create packages directory (/home/fpoggi/wekafiles/packages)
Unable to create native libs directory (/home/fpoggi/wekafiles/native)
Unable to create repository cache directory (/home/fpoggi/wekafiles/repCache)
area09	II	1,2,3,5,60,173,186,58,160,175,221,188,176,189,219,4,163,215,216	0.775	0.814	0.794
Unable to create WEKA_HOME (/home/fpoggi/wekafiles)
Unable to create packages directory (/home/fpoggi/wekafiles/packages)
Unable to create native libs directory (/home/fpoggi/wekafiles/native)
Unable to create repository cache directory (/home/fpoggi/wekafiles/repCache)
Unable to create WEKA_HOME (/home/fpoggi/wekafiles)
Unable to create packages directory (/home/fpoggi/wekafiles/packages)
Unable to create native libs directory (/home/fpoggi/wekafiles/native)
Unable to create repository cache directory (/home/fpoggi/wekafiles/repCache)
Unable to create WEKA_HOME (/home/fpoggi/wekafiles)
Unable to create packages directory (/home/fpoggi/wekafiles/packages)
Unable to create native libs directory (/home/fpoggi/wekafiles/native)
Unable to create repository cache directory (/home/fpoggi/wekafiles/repCache)
Unable to create WEKA_HOME (/home/fpoggi/wekafiles)
Unable to create packages directory (/home/fpoggi/wekafiles/packages)
Unable to create native libs directory (/home/fpoggi/wekafiles/native)
Unable to create repository cache directory (/home/fpoggi/wekafiles/repCache)
area10	I+II	1,2,3,5,60,173,186,58,160,175,221,188,176,189,219,4,163,215,216	0.718	0.823	0.767
Unable to create WEKA_HOME (/home/fpoggi/wekafiles)
Unable to create packages directory (/home/fpoggi/wekafiles/packages)
Unable to create native libs directory (/home/fpoggi/wekafiles/native)
Unable to create repository cache directory (/home/fpoggi/wekafiles/repCache)
area10	I	1,2,3,5,60,173,186,58,160,175,221,188,176,189,219,4,163,215,216	0.775	0.723	0.748
Unable to create WEKA_HOME (/home/fpoggi/wekafiles)
Unable to create packages directory (/home/fpoggi/wekafiles/packages)
Unable to create native libs directory (/home/fpoggi/wekafiles/native)
Unable to create repository cache directory (/home/fpoggi/wekafiles/repCache)
area10	II	1,2,3,5,60,173,186,58,160,175,221,188,176,189,219,4,163,215,216	0.705	0.860	0.775
Unable to create WEKA_HOME (/home/fpoggi/wekafiles)
Unable to create packages directory (/home/fpoggi/wekafiles/packages)
Unable to create native libs directory (/home/fpoggi/wekafiles/native)
Unable to create repository cache directory (/home/fpoggi/wekafiles/repCache)
Unable to create WEKA_HOME (/home/fpoggi/wekafiles)
Unable to create packages directory (/home/fpoggi/wekafiles/packages)
Unable to create native libs directory (/home/fpoggi/wekafiles/native)
Unable to create repository cache directory (/home/fpoggi/wekafiles/repCache)
Unable to create WEKA_HOME (/home/fpoggi/wekafiles)
Unable to create packages directory (/home/fpoggi/wekafiles/packages)
Unable to create native libs directory (/home/fpoggi/wekafiles/native)
Unable to create repository cache directory (/home/fpoggi/wekafiles/repCache)
Unable to create WEKA_HOME (/home/fpoggi/wekafiles)
Unable to create packages directory (/home/fpoggi/wekafiles/packages)
Unable to create native libs directory (/home/fpoggi/wekafiles/native)
Unable to create repository cache directory (/home/fpoggi/wekafiles/repCache)
area11	I+II	1,2,3,5,60,173,186,58,160,175,221,188,176,189,219,4,163,215,216	0.748	0.854	0.798
Unable to create WEKA_HOME (/home/fpoggi/wekafiles)
Unable to create packages directory (/home/fpoggi/wekafiles/packages)
Unable to create native libs directory (/home/fpoggi/wekafiles/native)
Unable to create repository cache directory (/home/fpoggi/wekafiles/repCache)
area11	I	1,2,3,5,60,173,186,58,160,175,221,188,176,189,219,4,163,215,216	0.777	0.789	0.783
Unable to create WEKA_HOME (/home/fpoggi/wekafiles)
Unable to create packages directory (/home/fpoggi/wekafiles/packages)
Unable to create native libs directory (/home/fpoggi/wekafiles/native)
Unable to create repository cache directory (/home/fpoggi/wekafiles/repCache)
area11	II	1,2,3,5,60,173,186,58,160,175,221,188,176,189,219,4,163,215,216	0.731	0.872	0.796
Unable to create WEKA_HOME (/home/fpoggi/wekafiles)
Unable to create packages directory (/home/fpoggi/wekafiles/packages)
Unable to create native libs directory (/home/fpoggi/wekafiles/native)
Unable to create repository cache directory (/home/fpoggi/wekafiles/repCache)
Unable to create WEKA_HOME (/home/fpoggi/wekafiles)
Unable to create packages directory (/home/fpoggi/wekafiles/packages)
Unable to create native libs directory (/home/fpoggi/wekafiles/native)
Unable to create repository cache directory (/home/fpoggi/wekafiles/repCache)
Unable to create WEKA_HOME (/home/fpoggi/wekafiles)
Unable to create packages directory (/home/fpoggi/wekafiles/packages)
Unable to create native libs directory (/home/fpoggi/wekafiles/native)
Unable to create repository cache directory (/home/fpoggi/wekafiles/repCache)
Unable to create WEKA_HOME (/home/fpoggi/wekafiles)
Unable to create packages directory (/home/fpoggi/wekafiles/packages)
Unable to create native libs directory (/home/fpoggi/wekafiles/native)
Unable to create repository cache directory (/home/fpoggi/wekafiles/repCache)
area12	I+II	1,2,3,5,60,173,186,58,160,175,221,188,176,189,219,4,163,215,216	0.755	0.816	0.784
Unable to create WEKA_HOME (/home/fpoggi/wekafiles)
Unable to create packages directory (/home/fpoggi/wekafiles/packages)
Unable to create native libs directory (/home/fpoggi/wekafiles/native)
Unable to create repository cache directory (/home/fpoggi/wekafiles/repCache)
area12	I	1,2,3,5,60,173,186,58,160,175,221,188,176,189,219,4,163,215,216	0.725	0.775	0.749
Unable to create WEKA_HOME (/home/fpoggi/wekafiles)
Unable to create packages directory (/home/fpoggi/wekafiles/packages)
Unable to create native libs directory (/home/fpoggi/wekafiles/native)
Unable to create repository cache directory (/home/fpoggi/wekafiles/repCache)
area12	II	1,2,3,5,60,173,186,58,160,175,221,188,176,189,219,4,163,215,216	0.747	0.819	0.781
Unable to create WEKA_HOME (/home/fpoggi/wekafiles)
Unable to create packages directory (/home/fpoggi/wekafiles/packages)
Unable to create native libs directory (/home/fpoggi/wekafiles/native)
Unable to create repository cache directory (/home/fpoggi/wekafiles/repCache)
Unable to create WEKA_HOME (/home/fpoggi/wekafiles)
Unable to create packages directory (/home/fpoggi/wekafiles/packages)
Unable to create native libs directory (/home/fpoggi/wekafiles/native)
Unable to create repository cache directory (/home/fpoggi/wekafiles/repCache)
Unable to create WEKA_HOME (/home/fpoggi/wekafiles)
Unable to create packages directory (/home/fpoggi/wekafiles/packages)
Unable to create native libs directory (/home/fpoggi/wekafiles/native)
Unable to create repository cache directory (/home/fpoggi/wekafiles/repCache)
Unable to create WEKA_HOME (/home/fpoggi/wekafiles)
Unable to create packages directory (/home/fpoggi/wekafiles/packages)
Unable to create native libs directory (/home/fpoggi/wekafiles/native)
Unable to create repository cache directory (/home/fpoggi/wekafiles/repCache)
area13	I+II	1,2,3,5,60,173,186,58,160,175,221,188,176,189,219,4,163,215,216	0.669	0.715	0.691
Unable to create WEKA_HOME (/home/fpoggi/wekafiles)
Unable to create packages directory (/home/fpoggi/wekafiles/packages)
Unable to create native libs directory (/home/fpoggi/wekafiles/native)
Unable to create repository cache directory (/home/fpoggi/wekafiles/repCache)
area13	I	1,2,3,5,60,173,186,58,160,175,221,188,176,189,219,4,163,215,216	0.649	0.696	0.671
Unable to create WEKA_HOME (/home/fpoggi/wekafiles)
Unable to create packages directory (/home/fpoggi/wekafiles/packages)
Unable to create native libs directory (/home/fpoggi/wekafiles/native)
Unable to create repository cache directory (/home/fpoggi/wekafiles/repCache)
area13	II	1,2,3,5,60,173,186,58,160,175,221,188,176,189,219,4,163,215,216	0.671	0.705	0.688
Unable to create WEKA_HOME (/home/fpoggi/wekafiles)
Unable to create packages directory (/home/fpoggi/wekafiles/packages)
Unable to create native libs directory (/home/fpoggi/wekafiles/native)
Unable to create repository cache directory (/home/fpoggi/wekafiles/repCache)
Unable to create WEKA_HOME (/home/fpoggi/wekafiles)
Unable to create packages directory (/home/fpoggi/wekafiles/packages)
Unable to create native libs directory (/home/fpoggi/wekafiles/native)
Unable to create repository cache directory (/home/fpoggi/wekafiles/repCache)
Unable to create WEKA_HOME (/home/fpoggi/wekafiles)
Unable to create packages directory (/home/fpoggi/wekafiles/packages)
Unable to create native libs directory (/home/fpoggi/wekafiles/native)
Unable to create repository cache directory (/home/fpoggi/wekafiles/repCache)
Unable to create WEKA_HOME (/home/fpoggi/wekafiles)
Unable to create packages directory (/home/fpoggi/wekafiles/packages)
Unable to create native libs directory (/home/fpoggi/wekafiles/native)
Unable to create repository cache directory (/home/fpoggi/wekafiles/repCache)
area14	I+II	1,2,3,5,60,173,186,58,160,175,221,188,176,189,219,4,163,215,216	0.784	0.877	0.828
Unable to create WEKA_HOME (/home/fpoggi/wekafiles)
Unable to create packages directory (/home/fpoggi/wekafiles/packages)
Unable to create native libs directory (/home/fpoggi/wekafiles/native)
Unable to create repository cache directory (/home/fpoggi/wekafiles/repCache)
area14	I	1,2,3,5,60,173,186,58,160,175,221,188,176,189,219,4,163,215,216	0.792	0.813	0.802
Unable to create WEKA_HOME (/home/fpoggi/wekafiles)
Unable to create packages directory (/home/fpoggi/wekafiles/packages)
Unable to create native libs directory (/home/fpoggi/wekafiles/native)
Unable to create repository cache directory (/home/fpoggi/wekafiles/repCache)
area14	II	1,2,3,5,60,173,186,58,160,175,221,188,176,189,219,4,163,215,216	0.785	0.887	0.833
